--------------------------------------------------------
--  File created - Sunday-April-28-2019   
--------------------------------------------------------
REM INSERTING into CHARTER2_INV.V_PATCH_LOOKUP_TBL
SET DEFINE OFF;
Insert into CHARTER2_INV.V_PATCH_LOOKUP_TBL (ID,PATCH_FILE_NAME,PATCH_TYPE,PATCH_QUARTER,PATCH_YEAR,SOFTWARE_VERSION,OPATCH_VERSION,CREATED,CREATED_BY,UPDATED,UPDATED_BY,PATCH_STATUS,OPATCH_FILE,OJVM_PATCH,PSU_VERSION) values (161130663626096664167623681594024960864,'p28349311_121020_Linux-x86-64.zip','PSU','OCT',2018,'12.1.0.2','12.2.0.1.14',to_date('27-OCT-18','DD-MON-RR'),'JMITCHELL',to_date('10-JAN-19','DD-MON-RR'),'JMITCHELL','Active','p6880880_180000_Linux-x86-64.zip','p28440711_121020_Linux-x86-64.zip','12.1.0.2.181016');
Insert into CHARTER2_INV.V_PATCH_LOOKUP_TBL (ID,PATCH_FILE_NAME,PATCH_TYPE,PATCH_QUARTER,PATCH_YEAR,SOFTWARE_VERSION,OPATCH_VERSION,CREATED,CREATED_BY,UPDATED,UPDATED_BY,PATCH_STATUS,OPATCH_FILE,OJVM_PATCH,PSU_VERSION) values (170257147047825693623815405944229787302,'p28204707_112040_Linux-x86-64.zip','PSU','OCT',2018,'11.2.0.4','11.2.0.3.20',to_date('22-JAN-19','DD-MON-RR'),'MPERRY',to_date('31-JAN-19','DD-MON-RR'),'MPERRY','Active','p6880880_112000_Linux-x86-64.zip','p28204707_112040_Linux-x86-64.zip','11.2.0.4.181016');
Insert into CHARTER2_INV.V_PATCH_LOOKUP_TBL (ID,PATCH_FILE_NAME,PATCH_TYPE,PATCH_QUARTER,PATCH_YEAR,SOFTWARE_VERSION,OPATCH_VERSION,CREATED,CREATED_BY,UPDATED,UPDATED_BY,PATCH_STATUS,OPATCH_FILE,OJVM_PATCH,PSU_VERSION) values (161038809855839750988095420360909545092,'p27967747_121020_Linux-x86-64.zip','PSU','JUL',2018,'12.1.0.2','12.2.0.1.14',to_date('27-OCT-18','DD-MON-RR'),'SYSTEM',to_date('14-JAN-19','DD-MON-RR'),'MPERRY','InActive','p6880880_180000_Linux-x86-64.zip','p27923320_121020_Linux-x86-64.zip','12.1.0.2.180717');
REM INSERTING into CHARTER2_INV.V_LOV_TBL
SET DEFINE OFF;
Insert into CHARTER2_INV.V_LOV_TBL (LOV_ID,LOV_VALUE,LOV_CATEGORY,LOV_ACTIVE,LOV_PAGE,LOV_DISPLAY_VALUE) values (145447186887002552905764820303959690489,'TRANSPORTABLE TABLESPACE','MIGRATION TYPE',null,null,null);
Insert into CHARTER2_INV.V_LOV_TBL (LOV_ID,LOV_VALUE,LOV_CATEGORY,LOV_ACTIVE,LOV_PAGE,LOV_DISPLAY_VALUE) values (145447186887003761831584434933134396665,'BACKUP RECOVERY','MIGRATION TYPE',null,null,null);
Insert into CHARTER2_INV.V_LOV_TBL (LOV_ID,LOV_VALUE,LOV_CATEGORY,LOV_ACTIVE,LOV_PAGE,LOV_DISPLAY_VALUE) values (145447186887004970757404049562309102841,'DATAPUMP/EXPORT','MIGRATION TYPE',null,null,null);
Insert into CHARTER2_INV.V_LOV_TBL (LOV_ID,LOV_VALUE,LOV_CATEGORY,LOV_ACTIVE,LOV_PAGE,LOV_DISPLAY_VALUE) values (145447186887006179683223664191483809017,'DATAGUARD','MIGRATION TYPE',null,null,null);
Insert into CHARTER2_INV.V_LOV_TBL (LOV_ID,LOV_VALUE,LOV_CATEGORY,LOV_ACTIVE,LOV_PAGE,LOV_DISPLAY_VALUE) values (145447186887007388609043278820658515193,'GOLDEN GATE','MIGRATION TYPE',null,null,null);
Insert into CHARTER2_INV.V_LOV_TBL (LOV_ID,LOV_VALUE,LOV_CATEGORY,LOV_ACTIVE,LOV_PAGE,LOV_DISPLAY_VALUE) values (145172217541204701245125447909024377641,'RAC','CLUSTER_CONFIG',null,null,null);
Insert into CHARTER2_INV.V_LOV_TBL (LOV_ID,LOV_VALUE,LOV_CATEGORY,LOV_ACTIVE,LOV_PAGE,LOV_DISPLAY_VALUE) values (145172217541205910170945062538199083817,'STANDALONE','CLUSTER_CONFIG',null,null,null);
Insert into CHARTER2_INV.V_LOV_TBL (LOV_ID,LOV_VALUE,LOV_CATEGORY,LOV_ACTIVE,LOV_PAGE,LOV_DISPLAY_VALUE) values (145172217541207119096764677167373789993,'CLUSTER','CLUSTER_CONFIG',null,null,null);
Insert into CHARTER2_INV.V_LOV_TBL (LOV_ID,LOV_VALUE,LOV_CATEGORY,LOV_ACTIVE,LOV_PAGE,LOV_DISPLAY_VALUE) values (145172217541208328022584291796548496169,'RAC ONENODE','CLUSTER_CONFIG',null,null,null);
Insert into CHARTER2_INV.V_LOV_TBL (LOV_ID,LOV_VALUE,LOV_CATEGORY,LOV_ACTIVE,LOV_PAGE,LOV_DISPLAY_VALUE) values (145172217541209536948403906425723202345,'11.1.0.7','DB_SOFTWARE','Active',null,null);
Insert into CHARTER2_INV.V_LOV_TBL (LOV_ID,LOV_VALUE,LOV_CATEGORY,LOV_ACTIVE,LOV_PAGE,LOV_DISPLAY_VALUE) values (145172217541210745874223521054897908521,'11.2.0.2','DB_SOFTWARE',null,null,null);
Insert into CHARTER2_INV.V_LOV_TBL (LOV_ID,LOV_VALUE,LOV_CATEGORY,LOV_ACTIVE,LOV_PAGE,LOV_DISPLAY_VALUE) values (145172217541211954800043135684072614697,'10.2.0.4','DB_SOFTWARE',null,null,null);
Insert into CHARTER2_INV.V_LOV_TBL (LOV_ID,LOV_VALUE,LOV_CATEGORY,LOV_ACTIVE,LOV_PAGE,LOV_DISPLAY_VALUE) values (145172217541213163725862750313247320873,'11.2.0.1','DB_SOFTWARE',null,null,null);
Insert into CHARTER2_INV.V_LOV_TBL (LOV_ID,LOV_VALUE,LOV_CATEGORY,LOV_ACTIVE,LOV_PAGE,LOV_DISPLAY_VALUE) values (145172217541214372651682364942422027049,'11.2.0.3','DB_SOFTWARE',null,null,null);
Insert into CHARTER2_INV.V_LOV_TBL (LOV_ID,LOV_VALUE,LOV_CATEGORY,LOV_ACTIVE,LOV_PAGE,LOV_DISPLAY_VALUE) values (145172217541215581577501979571596733225,'11.2.0.4','DB_SOFTWARE',null,null,null);
Insert into CHARTER2_INV.V_LOV_TBL (LOV_ID,LOV_VALUE,LOV_CATEGORY,LOV_ACTIVE,LOV_PAGE,LOV_DISPLAY_VALUE) values (145172217541216790503321594200771439401,'8.0.3.0','DB_SOFTWARE',null,null,null);
Insert into CHARTER2_INV.V_LOV_TBL (LOV_ID,LOV_VALUE,LOV_CATEGORY,LOV_ACTIVE,LOV_PAGE,LOV_DISPLAY_VALUE) values (145172217541217999429141208829946145577,'9.2.0.8','DB_SOFTWARE',null,null,null);
Insert into CHARTER2_INV.V_LOV_TBL (LOV_ID,LOV_VALUE,LOV_CATEGORY,LOV_ACTIVE,LOV_PAGE,LOV_DISPLAY_VALUE) values (145172217541219208354960823459120851753,'MISC','ENV_CAT',null,null,null);
Insert into CHARTER2_INV.V_LOV_TBL (LOV_ID,LOV_VALUE,LOV_CATEGORY,LOV_ACTIVE,LOV_PAGE,LOV_DISPLAY_VALUE) values (145172217541220417280780438088295557929,'DEV','ENV_CAT',null,null,null);
Insert into CHARTER2_INV.V_LOV_TBL (LOV_ID,LOV_VALUE,LOV_CATEGORY,LOV_ACTIVE,LOV_PAGE,LOV_DISPLAY_VALUE) values (145172217541221626206600052717470264105,'QA','ENV_CAT',null,null,null);
Insert into CHARTER2_INV.V_LOV_TBL (LOV_ID,LOV_VALUE,LOV_CATEGORY,LOV_ACTIVE,LOV_PAGE,LOV_DISPLAY_VALUE) values (145172217541222835132419667346644970281,'PROD','ENV_CAT',null,null,null);
Insert into CHARTER2_INV.V_LOV_TBL (LOV_ID,LOV_VALUE,LOV_CATEGORY,LOV_ACTIVE,LOV_PAGE,LOV_DISPLAY_VALUE) values (145172217541224044058239281975819676457,'TEST','ENV_CAT',null,null,null);
Insert into CHARTER2_INV.V_LOV_TBL (LOV_ID,LOV_VALUE,LOV_CATEGORY,LOV_ACTIVE,LOV_PAGE,LOV_DISPLAY_VALUE) values (145172217541225252984058896604994382633,'UAT','ENV_CAT',null,null,null);
Insert into CHARTER2_INV.V_LOV_TBL (LOV_ID,LOV_VALUE,LOV_CATEGORY,LOV_ACTIVE,LOV_PAGE,LOV_DISPLAY_VALUE) values (145172217541226461909878511234169088809,'STBY','ENV_CAT',null,null,null);
Insert into CHARTER2_INV.V_LOV_TBL (LOV_ID,LOV_VALUE,LOV_CATEGORY,LOV_ACTIVE,LOV_PAGE,LOV_DISPLAY_VALUE) values (145172217541227670835698125863343794985,'SIT','ENV_CAT',null,null,null);
Insert into CHARTER2_INV.V_LOV_TBL (LOV_ID,LOV_VALUE,LOV_CATEGORY,LOV_ACTIVE,LOV_PAGE,LOV_DISPLAY_VALUE) values (145172217541228879761517740492518501161,'PHYSICAL STANDBY','DG_ROLE',null,null,null);
Insert into CHARTER2_INV.V_LOV_TBL (LOV_ID,LOV_VALUE,LOV_CATEGORY,LOV_ACTIVE,LOV_PAGE,LOV_DISPLAY_VALUE) values (145172217541230088687337355121693207337,'STANDBY','DG_ROLE',null,null,null);
Insert into CHARTER2_INV.V_LOV_TBL (LOV_ID,LOV_VALUE,LOV_CATEGORY,LOV_ACTIVE,LOV_PAGE,LOV_DISPLAY_VALUE) values (145172217541231297613156969750867913513,'PRIMARY','DG_ROLE',null,null,null);
Insert into CHARTER2_INV.V_LOV_TBL (LOV_ID,LOV_VALUE,LOV_CATEGORY,LOV_ACTIVE,LOV_PAGE,LOV_DISPLAY_VALUE) values (145172217541232506538976584380042619689,'Non-DG','DG_ROLE',null,null,null);
Insert into CHARTER2_INV.V_LOV_TBL (LOV_ID,LOV_VALUE,LOV_CATEGORY,LOV_ACTIVE,LOV_PAGE,LOV_DISPLAY_VALUE) values (145172217541233715464796199009217325865,'NCW','DC_LOCATIONS',null,null,null);
Insert into CHARTER2_INV.V_LOV_TBL (LOV_ID,LOV_VALUE,LOV_CATEGORY,LOV_ACTIVE,LOV_PAGE,LOV_DISPLAY_VALUE) values (145172217541234924390615813638392032041,'NCE','DC_LOCATIONS',null,null,null);
Insert into CHARTER2_INV.V_LOV_TBL (LOV_ID,LOV_VALUE,LOV_CATEGORY,LOV_ACTIVE,LOV_PAGE,LOV_DISPLAY_VALUE) values (145172217541236133316435428267566738217,'ST. LOUIS','DC_LOCATIONS',null,null,null);
Insert into CHARTER2_INV.V_LOV_TBL (LOV_ID,LOV_VALUE,LOV_CATEGORY,LOV_ACTIVE,LOV_PAGE,LOV_DISPLAY_VALUE) values (145172217541237342242255042896741444393,'GREENVILLE','DC_LOCATIONS',null,null,null);
Insert into CHARTER2_INV.V_LOV_TBL (LOV_ID,LOV_VALUE,LOV_CATEGORY,LOV_ACTIVE,LOV_PAGE,LOV_DISPLAY_VALUE) values (145172217541238551168074657525916150569,'NA','DC_LOCATIONS',null,null,null);
Insert into CHARTER2_INV.V_LOV_TBL (LOV_ID,LOV_VALUE,LOV_CATEGORY,LOV_ACTIVE,LOV_PAGE,LOV_DISPLAY_VALUE) values (145172217541239760093894272155090856745,'B/R','DR_SOLUTIONS',null,null,null);
Insert into CHARTER2_INV.V_LOV_TBL (LOV_ID,LOV_VALUE,LOV_CATEGORY,LOV_ACTIVE,LOV_PAGE,LOV_DISPLAY_VALUE) values (145172217541240969019713886784265562921,'STORAGE REPLICATION','DR_SOLUTIONS',null,null,null);
Insert into CHARTER2_INV.V_LOV_TBL (LOV_ID,LOV_VALUE,LOV_CATEGORY,LOV_ACTIVE,LOV_PAGE,LOV_DISPLAY_VALUE) values (145172217541242177945533501413440269097,'YES','DR_SOLUTIONS',null,null,null);
Insert into CHARTER2_INV.V_LOV_TBL (LOV_ID,LOV_VALUE,LOV_CATEGORY,LOV_ACTIVE,LOV_PAGE,LOV_DISPLAY_VALUE) values (145172217541243386871353116042614975273,'NONE','DR_SOLUTIONS',null,null,null);
Insert into CHARTER2_INV.V_LOV_TBL (LOV_ID,LOV_VALUE,LOV_CATEGORY,LOV_ACTIVE,LOV_PAGE,LOV_DISPLAY_VALUE) values (145172217541244595797172730671789681449,'DATAGUARD','DR_SOLUTIONS',null,null,null);
Insert into CHARTER2_INV.V_LOV_TBL (LOV_ID,LOV_VALUE,LOV_CATEGORY,LOV_ACTIVE,LOV_PAGE,LOV_DISPLAY_VALUE) values (145172217541245804722992345300964387625,'RED','NETWORK_TYPE',null,null,null);
Insert into CHARTER2_INV.V_LOV_TBL (LOV_ID,LOV_VALUE,LOV_CATEGORY,LOV_ACTIVE,LOV_PAGE,LOV_DISPLAY_VALUE) values (145172217541247013648811959930139093801,'IT - Side','NETWORK_TYPE',null,null,null);
Insert into CHARTER2_INV.V_LOV_TBL (LOV_ID,LOV_VALUE,LOV_CATEGORY,LOV_ACTIVE,LOV_PAGE,LOV_DISPLAY_VALUE) values (145172217541248222574631574559313799977,'BLUE ','NETWORK_TYPE',null,null,null);
Insert into CHARTER2_INV.V_LOV_TBL (LOV_ID,LOV_VALUE,LOV_CATEGORY,LOV_ACTIVE,LOV_PAGE,LOV_DISPLAY_VALUE) values (145172217541249431500451189188488506153,'NYC','DC_LOCATIONS',null,null,null);
Insert into CHARTER2_INV.V_LOV_TBL (LOV_ID,LOV_VALUE,LOV_CATEGORY,LOV_ACTIVE,LOV_PAGE,LOV_DISPLAY_VALUE) values (145172217541250640426270803817663212329,'ALBANY','DC_LOCATIONS',null,null,null);
Insert into CHARTER2_INV.V_LOV_TBL (LOV_ID,LOV_VALUE,LOV_CATEGORY,LOV_ACTIVE,LOV_PAGE,LOV_DISPLAY_VALUE) values (145172217541251849352090418446837918505,'COLUMBUS','DC_LOCATIONS',null,null,null);
Insert into CHARTER2_INV.V_LOV_TBL (LOV_ID,LOV_VALUE,LOV_CATEGORY,LOV_ACTIVE,LOV_PAGE,LOV_DISPLAY_VALUE) values (145172217541253058277910033076012624681,'CDC','DC_LOCATIONS',null,null,null);
Insert into CHARTER2_INV.V_LOV_TBL (LOV_ID,LOV_VALUE,LOV_CATEGORY,LOV_ACTIVE,LOV_PAGE,LOV_DISPLAY_VALUE) values (145172217541254267203729647705187330857,'DAYTON','DC_LOCATIONS',null,null,null);
Insert into CHARTER2_INV.V_LOV_TBL (LOV_ID,LOV_VALUE,LOV_CATEGORY,LOV_ACTIVE,LOV_PAGE,LOV_DISPLAY_VALUE) values (145172217541255476129549262334362037033,'CDP','DC_LOCATIONS',null,null,null);
Insert into CHARTER2_INV.V_LOV_TBL (LOV_ID,LOV_VALUE,LOV_CATEGORY,LOV_ACTIVE,LOV_PAGE,LOV_DISPLAY_VALUE) values (145397569793378236572036952155547671301,'UNKNOWN','OS_TYPE',null,null,null);
Insert into CHARTER2_INV.V_LOV_TBL (LOV_ID,LOV_VALUE,LOV_CATEGORY,LOV_ACTIVE,LOV_PAGE,LOV_DISPLAY_VALUE) values (145397569793379445497856566784722377477,'WINDOWS','OS_TYPE',null,null,null);
Insert into CHARTER2_INV.V_LOV_TBL (LOV_ID,LOV_VALUE,LOV_CATEGORY,LOV_ACTIVE,LOV_PAGE,LOV_DISPLAY_VALUE) values (145397569793380654423676181413897083653,'OTHER UNIX','OS_TYPE',null,null,null);
Insert into CHARTER2_INV.V_LOV_TBL (LOV_ID,LOV_VALUE,LOV_CATEGORY,LOV_ACTIVE,LOV_PAGE,LOV_DISPLAY_VALUE) values (145397569793381863349495796043071789829,'SOLARIS','OS_TYPE',null,null,null);
Insert into CHARTER2_INV.V_LOV_TBL (LOV_ID,LOV_VALUE,LOV_CATEGORY,LOV_ACTIVE,LOV_PAGE,LOV_DISPLAY_VALUE) values (145397569793383072275315410672246496005,'LINUX','OS_TYPE',null,null,null);
Insert into CHARTER2_INV.V_LOV_TBL (LOV_ID,LOV_VALUE,LOV_CATEGORY,LOV_ACTIVE,LOV_PAGE,LOV_DISPLAY_VALUE) values (145397569793384281201135025301421202181,'RHEL 7','OS_VERSION',null,null,null);
Insert into CHARTER2_INV.V_LOV_TBL (LOV_ID,LOV_VALUE,LOV_CATEGORY,LOV_ACTIVE,LOV_PAGE,LOV_DISPLAY_VALUE) values (145397569793385490126954639930595908357,'RHEL 6','OS_VERSION',null,null,null);
Insert into CHARTER2_INV.V_LOV_TBL (LOV_ID,LOV_VALUE,LOV_CATEGORY,LOV_ACTIVE,LOV_PAGE,LOV_DISPLAY_VALUE) values (145397569793386699052774254559770614533,'OEL 7','OS_VERSION',null,null,null);
Insert into CHARTER2_INV.V_LOV_TBL (LOV_ID,LOV_VALUE,LOV_CATEGORY,LOV_ACTIVE,LOV_PAGE,LOV_DISPLAY_VALUE) values (145397569793387907978593869188945320709,'OEL 6','OS_VERSION',null,null,null);
Insert into CHARTER2_INV.V_LOV_TBL (LOV_ID,LOV_VALUE,LOV_CATEGORY,LOV_ACTIVE,LOV_PAGE,LOV_DISPLAY_VALUE) values (145397569793389116904413483818120026885,'SOLARIS 10','OS_VERSION',null,null,null);
Insert into CHARTER2_INV.V_LOV_TBL (LOV_ID,LOV_VALUE,LOV_CATEGORY,LOV_ACTIVE,LOV_PAGE,LOV_DISPLAY_VALUE) values (145397569793390325830233098447294733061,'SOLARIS 11','OS_VERSION',null,null,null);
Insert into CHARTER2_INV.V_LOV_TBL (LOV_ID,LOV_VALUE,LOV_CATEGORY,LOV_ACTIVE,LOV_PAGE,LOV_DISPLAY_VALUE) values (145397569793391534756052713076469439237,'WINDOWS 2012','OS_VERSION',null,null,null);
Insert into CHARTER2_INV.V_LOV_TBL (LOV_ID,LOV_VALUE,LOV_CATEGORY,LOV_ACTIVE,LOV_PAGE,LOV_DISPLAY_VALUE) values (145397569793392743681872327705644145413,'WINDOWS 2016','OS_VERSION',null,null,null);
Insert into CHARTER2_INV.V_LOV_TBL (LOV_ID,LOV_VALUE,LOV_CATEGORY,LOV_ACTIVE,LOV_PAGE,LOV_DISPLAY_VALUE) values (145397569793393952607691942334818851589,'12.1.0.1','GI',null,null,null);
Insert into CHARTER2_INV.V_LOV_TBL (LOV_ID,LOV_VALUE,LOV_CATEGORY,LOV_ACTIVE,LOV_PAGE,LOV_DISPLAY_VALUE) values (145397569793395161533511556963993557765,'11.2.0.4','GI',null,null,null);
Insert into CHARTER2_INV.V_LOV_TBL (LOV_ID,LOV_VALUE,LOV_CATEGORY,LOV_ACTIVE,LOV_PAGE,LOV_DISPLAY_VALUE) values (145397569793396370459331171593168263941,'12.2.0.1','GI',null,null,null);
Insert into CHARTER2_INV.V_LOV_TBL (LOV_ID,LOV_VALUE,LOV_CATEGORY,LOV_ACTIVE,LOV_PAGE,LOV_DISPLAY_VALUE) values (160771622069639344792001701889895451851,'12.1.0.2','RDBMS_PROV_VERSION',null,null,null);
Insert into CHARTER2_INV.V_LOV_TBL (LOV_ID,LOV_VALUE,LOV_CATEGORY,LOV_ACTIVE,LOV_PAGE,LOV_DISPLAY_VALUE) values (160771622069640553717821316519070158027,'11.2.0.4','RDBMS_PROV_VERSION',null,null,null);
Insert into CHARTER2_INV.V_LOV_TBL (LOV_ID,LOV_VALUE,LOV_CATEGORY,LOV_ACTIVE,LOV_PAGE,LOV_DISPLAY_VALUE) values (160771622069641762643640931148244864203,'12.2.0.1','RDBMS_PROV_VERSION',null,null,null);
Insert into CHARTER2_INV.V_LOV_TBL (LOV_ID,LOV_VALUE,LOV_CATEGORY,LOV_ACTIVE,LOV_PAGE,LOV_DISPLAY_VALUE) values (161440037944232320731109247475864198892,'techlab','DC_LOCATIONS',null,null,null);
Insert into CHARTER2_INV.V_LOV_TBL (LOV_ID,LOV_VALUE,LOV_CATEGORY,LOV_ACTIVE,LOV_PAGE,LOV_DISPLAY_VALUE) values (170525313520753872177898979350985505858,'DEV','DOMAIN',null,null,null);
Insert into CHARTER2_INV.V_LOV_TBL (LOV_ID,LOV_VALUE,LOV_CATEGORY,LOV_ACTIVE,LOV_PAGE,LOV_DISPLAY_VALUE) values (170525313520755081103718593980160212034,'CHTR','DOMAIN',null,null,null);
Insert into CHARTER2_INV.V_LOV_TBL (LOV_ID,LOV_VALUE,LOV_CATEGORY,LOV_ACTIVE,LOV_PAGE,LOV_DISPLAY_VALUE) values (170525313520756290029538208609334918210,'CORP','DOMAIN',null,null,null);
Insert into CHARTER2_INV.V_LOV_TBL (LOV_ID,LOV_VALUE,LOV_CATEGORY,LOV_ACTIVE,LOV_PAGE,LOV_DISPLAY_VALUE) values (170525313520757498955357823238509624386,'PROD','DOMAIN',null,null,null);
Insert into CHARTER2_INV.V_LOV_TBL (LOV_ID,LOV_VALUE,LOV_CATEGORY,LOV_ACTIVE,LOV_PAGE,LOV_DISPLAY_VALUE) values (170525313520758707881177437867684330562,'TWCCORP','DOMAIN',null,null,null);
Insert into CHARTER2_INV.V_LOV_TBL (LOV_ID,LOV_VALUE,LOV_CATEGORY,LOV_ACTIVE,LOV_PAGE,LOV_DISPLAY_VALUE) values (170525313520759916806997052496859036738,'TWZDMZ','DOMAIN',null,null,null);
Insert into CHARTER2_INV.V_LOV_TBL (LOV_ID,LOV_VALUE,LOV_CATEGORY,LOV_ACTIVE,LOV_PAGE,LOV_DISPLAY_VALUE) values (162008731297842633176813908028014909873,'Physical','PHY_VERT',null,null,null);
Insert into CHARTER2_INV.V_LOV_TBL (LOV_ID,LOV_VALUE,LOV_CATEGORY,LOV_ACTIVE,LOV_PAGE,LOV_DISPLAY_VALUE) values (162008731297843842102633522657189616049,'Virtual','PHY_VERT',null,null,null);
Insert into CHARTER2_INV.V_LOV_TBL (LOV_ID,LOV_VALUE,LOV_CATEGORY,LOV_ACTIVE,LOV_PAGE,LOV_DISPLAY_VALUE) values (162008731297845051028453137286364322225,'2','CORES',null,null,null);
Insert into CHARTER2_INV.V_LOV_TBL (LOV_ID,LOV_VALUE,LOV_CATEGORY,LOV_ACTIVE,LOV_PAGE,LOV_DISPLAY_VALUE) values (162008731297846259954272751915539028401,'4','CORES',null,null,null);
Insert into CHARTER2_INV.V_LOV_TBL (LOV_ID,LOV_VALUE,LOV_CATEGORY,LOV_ACTIVE,LOV_PAGE,LOV_DISPLAY_VALUE) values (162008731297847468880092366544713734577,'6','CORES',null,null,null);
Insert into CHARTER2_INV.V_LOV_TBL (LOV_ID,LOV_VALUE,LOV_CATEGORY,LOV_ACTIVE,LOV_PAGE,LOV_DISPLAY_VALUE) values (162008731297848677805911981173888440753,'8','CORES',null,null,null);
Insert into CHARTER2_INV.V_LOV_TBL (LOV_ID,LOV_VALUE,LOV_CATEGORY,LOV_ACTIVE,LOV_PAGE,LOV_DISPLAY_VALUE) values (162008731297849886731731595803063146929,'10','CORES',null,null,null);
Insert into CHARTER2_INV.V_LOV_TBL (LOV_ID,LOV_VALUE,LOV_CATEGORY,LOV_ACTIVE,LOV_PAGE,LOV_DISPLAY_VALUE) values (162008731297851095657551210432237853105,'10','DISK_SIZE_GB',null,null,null);
Insert into CHARTER2_INV.V_LOV_TBL (LOV_ID,LOV_VALUE,LOV_CATEGORY,LOV_ACTIVE,LOV_PAGE,LOV_DISPLAY_VALUE) values (162008731297852304583370825061412559281,'20','DISK_SIZE_GB',null,null,null);
Insert into CHARTER2_INV.V_LOV_TBL (LOV_ID,LOV_VALUE,LOV_CATEGORY,LOV_ACTIVE,LOV_PAGE,LOV_DISPLAY_VALUE) values (162008731297853513509190439690587265457,'30','DISK_SIZE_GB',null,null,null);
Insert into CHARTER2_INV.V_LOV_TBL (LOV_ID,LOV_VALUE,LOV_CATEGORY,LOV_ACTIVE,LOV_PAGE,LOV_DISPLAY_VALUE) values (162008731297854722435010054319761971633,'40','DISK_SIZE_GB',null,null,null);
Insert into CHARTER2_INV.V_LOV_TBL (LOV_ID,LOV_VALUE,LOV_CATEGORY,LOV_ACTIVE,LOV_PAGE,LOV_DISPLAY_VALUE) values (162008731297855931360829668948936677809,'50','DISK_SIZE_GB',null,null,null);
Insert into CHARTER2_INV.V_LOV_TBL (LOV_ID,LOV_VALUE,LOV_CATEGORY,LOV_ACTIVE,LOV_PAGE,LOV_DISPLAY_VALUE) values (162008731297857140286649283578111383985,'60','DISK_SIZE_GB',null,null,null);
Insert into CHARTER2_INV.V_LOV_TBL (LOV_ID,LOV_VALUE,LOV_CATEGORY,LOV_ACTIVE,LOV_PAGE,LOV_DISPLAY_VALUE) values (162008731297858349212468898207286090161,'70','DISK_SIZE_GB',null,null,null);
Insert into CHARTER2_INV.V_LOV_TBL (LOV_ID,LOV_VALUE,LOV_CATEGORY,LOV_ACTIVE,LOV_PAGE,LOV_DISPLAY_VALUE) values (162008731297859558138288512836460796337,'80','DISK_SIZE_GB',null,null,null);
Insert into CHARTER2_INV.V_LOV_TBL (LOV_ID,LOV_VALUE,LOV_CATEGORY,LOV_ACTIVE,LOV_PAGE,LOV_DISPLAY_VALUE) values (162008731297860767064108127465635502513,'90','DISK_SIZE_GB',null,null,null);
Insert into CHARTER2_INV.V_LOV_TBL (LOV_ID,LOV_VALUE,LOV_CATEGORY,LOV_ACTIVE,LOV_PAGE,LOV_DISPLAY_VALUE) values (162008731297861975989927742094810208689,'100','DISK_SIZE_GB',null,null,null);
Insert into CHARTER2_INV.V_LOV_TBL (LOV_ID,LOV_VALUE,LOV_CATEGORY,LOV_ACTIVE,LOV_PAGE,LOV_DISPLAY_VALUE) values (162008731297863184915747356723984914865,'200','DISK_SIZE_GB',null,null,null);
Insert into CHARTER2_INV.V_LOV_TBL (LOV_ID,LOV_VALUE,LOV_CATEGORY,LOV_ACTIVE,LOV_PAGE,LOV_DISPLAY_VALUE) values (162008731297864393841566971353159621041,'500','DISK_SIZE_GB',null,null,null);
Insert into CHARTER2_INV.V_LOV_TBL (LOV_ID,LOV_VALUE,LOV_CATEGORY,LOV_ACTIVE,LOV_PAGE,LOV_DISPLAY_VALUE) values (162008731297865602767386585982334327217,'750','DISK_SIZE_GB',null,null,null);
Insert into CHARTER2_INV.V_LOV_TBL (LOV_ID,LOV_VALUE,LOV_CATEGORY,LOV_ACTIVE,LOV_PAGE,LOV_DISPLAY_VALUE) values (162008731297866811693206200611509033393,'1000','DISK_SIZE_GB',null,null,null);
Insert into CHARTER2_INV.V_LOV_TBL (LOV_ID,LOV_VALUE,LOV_CATEGORY,LOV_ACTIVE,LOV_PAGE,LOV_DISPLAY_VALUE) values (162008731297868020619025815240683739569,'250','DISK_SIZE_GB',null,null,null);
Insert into CHARTER2_INV.V_LOV_TBL (LOV_ID,LOV_VALUE,LOV_CATEGORY,LOV_ACTIVE,LOV_PAGE,LOV_DISPLAY_VALUE) values (162008731297869229544845429869858445745,'8','MEM_GB',null,null,null);
Insert into CHARTER2_INV.V_LOV_TBL (LOV_ID,LOV_VALUE,LOV_CATEGORY,LOV_ACTIVE,LOV_PAGE,LOV_DISPLAY_VALUE) values (162008731297870438470665044499033151921,'16','MEM_GB',null,null,null);
Insert into CHARTER2_INV.V_LOV_TBL (LOV_ID,LOV_VALUE,LOV_CATEGORY,LOV_ACTIVE,LOV_PAGE,LOV_DISPLAY_VALUE) values (162008731297871647396484659128207858097,'32','MEM_GB',null,null,null);
Insert into CHARTER2_INV.V_LOV_TBL (LOV_ID,LOV_VALUE,LOV_CATEGORY,LOV_ACTIVE,LOV_PAGE,LOV_DISPLAY_VALUE) values (162008731297872856322304273757382564273,'48','MEM_GB',null,null,null);
Insert into CHARTER2_INV.V_LOV_TBL (LOV_ID,LOV_VALUE,LOV_CATEGORY,LOV_ACTIVE,LOV_PAGE,LOV_DISPLAY_VALUE) values (162008731297874065248123888386557270449,'56','MEM_GB',null,null,null);
Insert into CHARTER2_INV.V_LOV_TBL (LOV_ID,LOV_VALUE,LOV_CATEGORY,LOV_ACTIVE,LOV_PAGE,LOV_DISPLAY_VALUE) values (162008731297875274173943503015731976625,'64','MEM_GB',null,null,null);
Insert into CHARTER2_INV.V_LOV_TBL (LOV_ID,LOV_VALUE,LOV_CATEGORY,LOV_ACTIVE,LOV_PAGE,LOV_DISPLAY_VALUE) values (160988769883323965886471426141296684930,'2018','Patch Year',null,null,null);
Insert into CHARTER2_INV.V_LOV_TBL (LOV_ID,LOV_VALUE,LOV_CATEGORY,LOV_ACTIVE,LOV_PAGE,LOV_DISPLAY_VALUE) values (160988769883325174812291040770471391106,'2019','Patch Year',null,null,null);
Insert into CHARTER2_INV.V_LOV_TBL (LOV_ID,LOV_VALUE,LOV_CATEGORY,LOV_ACTIVE,LOV_PAGE,LOV_DISPLAY_VALUE) values (160988769883326383738110655399646097282,'2017','Patch Year',null,null,null);
Insert into CHARTER2_INV.V_LOV_TBL (LOV_ID,LOV_VALUE,LOV_CATEGORY,LOV_ACTIVE,LOV_PAGE,LOV_DISPLAY_VALUE) values (161252372628799141542414738716896161866,'TOWER ACCOUNT','APP_CATEGORY',null,null,null);
Insert into CHARTER2_INV.V_LOV_TBL (LOV_ID,LOV_VALUE,LOV_CATEGORY,LOV_ACTIVE,LOV_PAGE,LOV_DISPLAY_VALUE) values (161252372628800350468234353346070868042,'TOWER ACCOUNT PASSWORD','APP_CATEGORY',null,null,null);
Insert into CHARTER2_INV.V_LOV_TBL (LOV_ID,LOV_VALUE,LOV_CATEGORY,LOV_ACTIVE,LOV_PAGE,LOV_DISPLAY_VALUE) values (161252372628801559394053967975245574218,'TOWER URL','APP_CATEGORY',null,null,null);
Insert into CHARTER2_INV.V_LOV_TBL (LOV_ID,LOV_VALUE,LOV_CATEGORY,LOV_ACTIVE,LOV_PAGE,LOV_DISPLAY_VALUE) values (161252372628802768319873582604420280394,'ORACLE_WALLET_PATH','APP_CATEGORY',null,null,null);
Insert into CHARTER2_INV.V_LOV_TBL (LOV_ID,LOV_VALUE,LOV_CATEGORY,LOV_ACTIVE,LOV_PAGE,LOV_DISPLAY_VALUE) values (161252372628803977245693197233594986570,'WALLET_PASSWORD','APP_CATEGORY',null,null,null);
Insert into CHARTER2_INV.V_LOV_TBL (LOV_ID,LOV_VALUE,LOV_CATEGORY,LOV_ACTIVE,LOV_PAGE,LOV_DISPLAY_VALUE) values (161252372628805186171512811862769692746,'TOWER ENDPOINT','APP_CATEGORY',null,null,null);
Insert into CHARTER2_INV.V_LOV_TBL (LOV_ID,LOV_VALUE,LOV_CATEGORY,LOV_ACTIVE,LOV_PAGE,LOV_DISPLAY_VALUE) values (161252372628806395097332426491944398922,'ORACLE INVENTORY','APP_CATEGORY',null,null,null);
Insert into CHARTER2_INV.V_LOV_TBL (LOV_ID,LOV_VALUE,LOV_CATEGORY,LOV_ACTIVE,LOV_PAGE,LOV_DISPLAY_VALUE) values (161252372628807604023152041121119105098,'MSSQL INVENTORY','APP_CATEGORY',null,null,null);
Insert into CHARTER2_INV.V_LOV_TBL (LOV_ID,LOV_VALUE,LOV_CATEGORY,LOV_ACTIVE,LOV_PAGE,LOV_DISPLAY_VALUE) values (161252372628808812948971655750293811274,'MSSQL INVENTORY ID','APP_CATEGORY',null,null,null);
Insert into CHARTER2_INV.V_LOV_TBL (LOV_ID,LOV_VALUE,LOV_CATEGORY,LOV_ACTIVE,LOV_PAGE,LOV_DISPLAY_VALUE) values (161252372628810021874791270379468517450,'ORACLE INVENTORY ID','APP_CATEGORY',null,null,null);
Insert into CHARTER2_INV.V_LOV_TBL (LOV_ID,LOV_VALUE,LOV_CATEGORY,LOV_ACTIVE,LOV_PAGE,LOV_DISPLAY_VALUE) values (161252372628811230800610885008643223626,'TOWER DOMAIN','APP_CATEGORY',null,null,null);
Insert into CHARTER2_INV.V_LOV_TBL (LOV_ID,LOV_VALUE,LOV_CATEGORY,LOV_ACTIVE,LOV_PAGE,LOV_DISPLAY_VALUE) values (166467397483089220874392959491334869323,'12.2.0.1','DB_SOFTWARE','Active',null,null);
Insert into CHARTER2_INV.V_LOV_TBL (LOV_ID,LOV_VALUE,LOV_CATEGORY,LOV_ACTIVE,LOV_PAGE,LOV_DISPLAY_VALUE) values (166467397483090429800212574120509575499,'11.2.0.4','DB_SOFTWARE','Active',null,null);
Insert into CHARTER2_INV.V_LOV_TBL (LOV_ID,LOV_VALUE,LOV_CATEGORY,LOV_ACTIVE,LOV_PAGE,LOV_DISPLAY_VALUE) values (166467397483091638726032188749684281675,'12.1.0.2','DB_SOFTWARE','Active',null,null);
Insert into CHARTER2_INV.V_LOV_TBL (LOV_ID,LOV_VALUE,LOV_CATEGORY,LOV_ACTIVE,LOV_PAGE,LOV_DISPLAY_VALUE) values (166467397483092847651851803378858987851,'12.2.0.1','DB_SOFTWARE_ACTIVE',null,null,null);
Insert into CHARTER2_INV.V_LOV_TBL (LOV_ID,LOV_VALUE,LOV_CATEGORY,LOV_ACTIVE,LOV_PAGE,LOV_DISPLAY_VALUE) values (166467397483094056577671418008033694027,'11.2.0.4','DB_SOFTWARE_ACTIVE',null,null,null);
Insert into CHARTER2_INV.V_LOV_TBL (LOV_ID,LOV_VALUE,LOV_CATEGORY,LOV_ACTIVE,LOV_PAGE,LOV_DISPLAY_VALUE) values (166467397483095265503491032637208400203,'12.1.0.2','DB_SOFTWARE_ACTIVE',null,null,null);
Insert into CHARTER2_INV.V_LOV_TBL (LOV_ID,LOV_VALUE,LOV_CATEGORY,LOV_ACTIVE,LOV_PAGE,LOV_DISPLAY_VALUE) values (166467397483096474429310647266383106379,'12.1.0.1','GRID_SOFTWARE_ACTIVE',null,null,null);
Insert into CHARTER2_INV.V_LOV_TBL (LOV_ID,LOV_VALUE,LOV_CATEGORY,LOV_ACTIVE,LOV_PAGE,LOV_DISPLAY_VALUE) values (166467397483097683355130261895557812555,'12.2.0.1','GRID_SOFTWARE_ACTIVE',null,null,null);
Insert into CHARTER2_INV.V_LOV_TBL (LOV_ID,LOV_VALUE,LOV_CATEGORY,LOV_ACTIVE,LOV_PAGE,LOV_DISPLAY_VALUE) values (166467397483098892280949876524732518731,'11.2.0.4','GRID_SOFTWARE_ACTIVE',null,null,null);
Insert into CHARTER2_INV.V_LOV_TBL (LOV_ID,LOV_VALUE,LOV_CATEGORY,LOV_ACTIVE,LOV_PAGE,LOV_DISPLAY_VALUE) values (170454898981820871765933896250662991229,'12.1.0.2','GI',null,null,null);
Insert into CHARTER2_INV.V_LOV_TBL (LOV_ID,LOV_VALUE,LOV_CATEGORY,LOV_ACTIVE,LOV_PAGE,LOV_DISPLAY_VALUE) values (170454898981822080691753510879837697405,'DB_1','DB_HOME',null,null,null);
Insert into CHARTER2_INV.V_LOV_TBL (LOV_ID,LOV_VALUE,LOV_CATEGORY,LOV_ACTIVE,LOV_PAGE,LOV_DISPLAY_VALUE) values (170454898981823289617573125509012403581,'DB_2','DB_HOME',null,null,null);
Insert into CHARTER2_INV.V_LOV_TBL (LOV_ID,LOV_VALUE,LOV_CATEGORY,LOV_ACTIVE,LOV_PAGE,LOV_DISPLAY_VALUE) values (170454898981824498543392740138187109757,'DB_3','DB_HOME',null,null,null);
Insert into CHARTER2_INV.V_LOV_TBL (LOV_ID,LOV_VALUE,LOV_CATEGORY,LOV_ACTIVE,LOV_PAGE,LOV_DISPLAY_VALUE) values (170454898981825707469212354767361815933,'DB_4','DB_HOME',null,null,null);
Insert into CHARTER2_INV.V_LOV_TBL (LOV_ID,LOV_VALUE,LOV_CATEGORY,LOV_ACTIVE,LOV_PAGE,LOV_DISPLAY_VALUE) values (170874237873629163207610977651901781417,'true','TRUE_FALSE',null,null,null);
Insert into CHARTER2_INV.V_LOV_TBL (LOV_ID,LOV_VALUE,LOV_CATEGORY,LOV_ACTIVE,LOV_PAGE,LOV_DISPLAY_VALUE) values (170874237873630372133430592281076487593,'false','TRUE_FALSE',null,null,null);
Insert into CHARTER2_INV.V_LOV_TBL (LOV_ID,LOV_VALUE,LOV_CATEGORY,LOV_ACTIVE,LOV_PAGE,LOV_DISPLAY_VALUE) values (173898446676829733199350259144213591010,'Database Management Team(s)','ITSM_ORACLE_GROUP',null,null,null);
REM INSERTING into CHARTER2_INV.V_APP_ROLE
SET DEFINE OFF;
Insert into CHARTER2_INV.V_APP_ROLE (ROLE_ID,APP_ID,APP_ROLE,APP_ADMIN,CREATED_ON,DESCRIPTION) values (164414018676932838958461742689580352665,'%','MSSQL_DBA',null,to_date('27-NOV-18','DD-MON-RR'),'Provides access to MSSQL APP');
Insert into CHARTER2_INV.V_APP_ROLE (ROLE_ID,APP_ID,APP_ROLE,APP_ADMIN,CREATED_ON,DESCRIPTION) values (164414018676934047884281357318755058841,'%','ORACLE_DBA',null,to_date('27-NOV-18','DD-MON-RR'),'Provides access to Oracle App');
Insert into CHARTER2_INV.V_APP_ROLE (ROLE_ID,APP_ID,APP_ROLE,APP_ADMIN,CREATED_ON,DESCRIPTION) values (164414018676935256810100971947929765017,'%','SETTING_ADMIN',null,to_date('27-NOV-18','DD-MON-RR'),'Maintain All Settings');
Insert into CHARTER2_INV.V_APP_ROLE (ROLE_ID,APP_ID,APP_ROLE,APP_ADMIN,CREATED_ON,DESCRIPTION) values (164414018676936465735920586577104471193,'%','MSSQL_SETTINGS',null,to_date('27-NOV-18','DD-MON-RR'),'Maintain MSSQL Settings');
Insert into CHARTER2_INV.V_APP_ROLE (ROLE_ID,APP_ID,APP_ROLE,APP_ADMIN,CREATED_ON,DESCRIPTION) values (164414018676937674661740201206279177369,'%','ORACLE_SETTINGS',null,to_date('27-NOV-18','DD-MON-RR'),'Maintain Oracle Settings');
Insert into CHARTER2_INV.V_APP_ROLE (ROLE_ID,APP_ID,APP_ROLE,APP_ADMIN,CREATED_ON,DESCRIPTION) values (171088795498877568761987407822587565906,null,'OPENSOURCE_ROLE',null,to_date('30-JAN-19','DD-MON-RR'),'Maintain Open Source Settings');
Insert into CHARTER2_INV.V_APP_ROLE (ROLE_ID,APP_ID,APP_ROLE,APP_ADMIN,CREATED_ON,DESCRIPTION) values (168784164024561006185993808180306128458,'%','SUPER_ADMIN',null,to_date('08-JAN-19','DD-MON-RR'),'Maintain All Settings and Become any Role');
Insert into CHARTER2_INV.V_APP_ROLE (ROLE_ID,APP_ID,APP_ROLE,APP_ADMIN,CREATED_ON,DESCRIPTION) values (170335479402088573881796598254275314875,'%','BETA_ROLE',null,to_date('23-JAN-19','DD-MON-RR'),null);
REM INSERTING into CHARTER2_INV.V_APP_PERSON
SET DEFINE OFF;
Insert into CHARTER2_INV.V_APP_PERSON (PERSON_ID,APP_ID,USERNAME,APP_ROLE,APP_ADMIN,CREATED_ON,DISPLAY_NAME,EMAIL_ADDR) values (164694007009304655774157192617213480178,'110','JMITCHELL','DBA','N',to_date('30-NOV-18','DD-MON-RR'),'Jon',null);
Insert into CHARTER2_INV.V_APP_PERSON (PERSON_ID,APP_ID,USERNAME,APP_ROLE,APP_ADMIN,CREATED_ON,DISPLAY_NAME,EMAIL_ADDR) values (162639739664079636325241594720442522540,'110','MPERRY','DBA','N',null,'Matt',null);
Insert into CHARTER2_INV.V_APP_PERSON (PERSON_ID,APP_ID,USERNAME,APP_ROLE,APP_ADMIN,CREATED_ON,DISPLAY_NAME,EMAIL_ADDR) values (167503058355295030193151687859695671520,'110','GURI','DBA','N',to_date('27-DEC-18','DD-MON-RR'),'GURI',null);
Insert into CHARTER2_INV.V_APP_PERSON (PERSON_ID,APP_ID,USERNAME,APP_ROLE,APP_ADMIN,CREATED_ON,DISPLAY_NAME,EMAIL_ADDR) values (171894130803916753758695504379223142123,'110','P2722934','DBA','N',to_date('07-FEB-19','DD-MON-RR'),'Ramaswamy Damineni','Ramaswamy.Damineni@charter.com');
Insert into CHARTER2_INV.V_APP_PERSON (PERSON_ID,APP_ID,USERNAME,APP_ROLE,APP_ADMIN,CREATED_ON,DISPLAY_NAME,EMAIL_ADDR) values (171894130803917962684515119008397848299,'110','P2206715','DBA','N',to_date('07-FEB-19','DD-MON-RR'),'Pravat Singh','Pravat.Singh@charter.com');
Insert into CHARTER2_INV.V_APP_PERSON (PERSON_ID,APP_ID,USERNAME,APP_ROLE,APP_ADMIN,CREATED_ON,DISPLAY_NAME,EMAIL_ADDR) values (171894130803919171610334733637572554475,'110','RGOMATAM','DBA','N',to_date('07-FEB-19','DD-MON-RR'),'Rohini Gomatam','Rohini.Gomatam@charter.com');
Insert into CHARTER2_INV.V_APP_PERSON (PERSON_ID,APP_ID,USERNAME,APP_ROLE,APP_ADMIN,CREATED_ON,DISPLAY_NAME,EMAIL_ADDR) values (171894130803920380536154348266747260651,'110','V716953','DBA','N',to_date('07-FEB-19','DD-MON-RR'),'Vibhushit Gupta','Vibhushit.Gupta@charter.com');
Insert into CHARTER2_INV.V_APP_PERSON (PERSON_ID,APP_ID,USERNAME,APP_ROLE,APP_ADMIN,CREATED_ON,DISPLAY_NAME,EMAIL_ADDR) values (171894130803921589461973962895921966827,'110','V728403','DBA','N',to_date('07-FEB-19','DD-MON-RR'),'Abhay Shukla','Abhay.Shukla@charter.com');
Insert into CHARTER2_INV.V_APP_PERSON (PERSON_ID,APP_ID,USERNAME,APP_ROLE,APP_ADMIN,CREATED_ON,DISPLAY_NAME,EMAIL_ADDR) values (171894130803922798387793577525096673003,'110','V728479','DBA','N',to_date('07-FEB-19','DD-MON-RR'),'Rajiv Tiwari','Rajiv.Tiwari@charter.com');
Insert into CHARTER2_INV.V_APP_PERSON (PERSON_ID,APP_ID,USERNAME,APP_ROLE,APP_ADMIN,CREATED_ON,DISPLAY_NAME,EMAIL_ADDR) values (171894130803924007313613192154271379179,'110','V741730','DBA','N',to_date('07-FEB-19','DD-MON-RR'),'Azeem Ahmed','Azeem.Ahmed@charter.com');
Insert into CHARTER2_INV.V_APP_PERSON (PERSON_ID,APP_ID,USERNAME,APP_ROLE,APP_ADMIN,CREATED_ON,DISPLAY_NAME,EMAIL_ADDR) values (171894130803925216239432806783446085355,'110','V757304','DBA','N',to_date('07-FEB-19','DD-MON-RR'),'Ravi Kumar','Ravi.Kumar@charter.com');
Insert into CHARTER2_INV.V_APP_PERSON (PERSON_ID,APP_ID,USERNAME,APP_ROLE,APP_ADMIN,CREATED_ON,DISPLAY_NAME,EMAIL_ADDR) values (171894130803926425165252421412620791531,'110','V770693','DBA','N',to_date('07-FEB-19','DD-MON-RR'),'Divyanshu Sandhya','Divyanshu.Sandhya@charter.com');
Insert into CHARTER2_INV.V_APP_PERSON (PERSON_ID,APP_ID,USERNAME,APP_ROLE,APP_ADMIN,CREATED_ON,DISPLAY_NAME,EMAIL_ADDR) values (171894130803927634091072036041795497707,'110','V747563','DBA','N',to_date('07-FEB-19','DD-MON-RR'),'Brijendra Kumar','Brijendra.Kumar@charter.com');
Insert into CHARTER2_INV.V_APP_PERSON (PERSON_ID,APP_ID,USERNAME,APP_ROLE,APP_ADMIN,CREATED_ON,DISPLAY_NAME,EMAIL_ADDR) values (171894130803928843016891650670970203883,'110','SNIZAMUDDIN','DBA','N',to_date('07-FEB-19','DD-MON-RR'),'Syed Nizamuddin','Syed.Nizamuddin@charter.com');
Insert into CHARTER2_INV.V_APP_PERSON (PERSON_ID,APP_ID,USERNAME,APP_ROLE,APP_ADMIN,CREATED_ON,DISPLAY_NAME,EMAIL_ADDR) values (171894130803930051942711265300144910059,'110','P2712274','DBA','N',to_date('07-FEB-19','DD-MON-RR'),'Anjaiah Nunna','Anjaiah.Nunna@charter.com');
Insert into CHARTER2_INV.V_APP_PERSON (PERSON_ID,APP_ID,USERNAME,APP_ROLE,APP_ADMIN,CREATED_ON,DISPLAY_NAME,EMAIL_ADDR) values (171894130803931260868530879929319616235,'110','P2716705','DBA','N',to_date('07-FEB-19','DD-MON-RR'),'Anuj Sharma','Anuj.Sharma@charter.com');
Insert into CHARTER2_INV.V_APP_PERSON (PERSON_ID,APP_ID,USERNAME,APP_ROLE,APP_ADMIN,CREATED_ON,DISPLAY_NAME,EMAIL_ADDR) values (171894130803932469794350494558494322411,'110','P2748268','DBA','N',to_date('07-FEB-19','DD-MON-RR'),'Atiqur Rahman','Atiqur.Rahman@charter.com');
Insert into CHARTER2_INV.V_APP_PERSON (PERSON_ID,APP_ID,USERNAME,APP_ROLE,APP_ADMIN,CREATED_ON,DISPLAY_NAME,EMAIL_ADDR) values (171894130803933678720170109187669028587,'110','BSTEVENSON1','DBA','N',to_date('07-FEB-19','DD-MON-RR'),'Bill Stevenson','Bill.Stevenson@charter.com');
Insert into CHARTER2_INV.V_APP_PERSON (PERSON_ID,APP_ID,USERNAME,APP_ROLE,APP_ADMIN,CREATED_ON,DISPLAY_NAME,EMAIL_ADDR) values (171894130803934887645989723816843734763,'110','P2838706','DBA','N',to_date('07-FEB-19','DD-MON-RR'),'Dinesh Kumar','Dinesh.Kumar@charter.com');
Insert into CHARTER2_INV.V_APP_PERSON (PERSON_ID,APP_ID,USERNAME,APP_ROLE,APP_ADMIN,CREATED_ON,DISPLAY_NAME,EMAIL_ADDR) values (171894130803936096571809338446018440939,'110','P2716706','DBA','N',to_date('07-FEB-19','DD-MON-RR'),'Hari Kumar','Hari.Kumar@charter.com');
Insert into CHARTER2_INV.V_APP_PERSON (PERSON_ID,APP_ID,USERNAME,APP_ROLE,APP_ADMIN,CREATED_ON,DISPLAY_NAME,EMAIL_ADDR) values (171894130803937305497628953075193147115,'110','P2798131','DBA','N',to_date('07-FEB-19','DD-MON-RR'),'Harini Polavarapu','Harini.Polavarapu@charter.com');
Insert into CHARTER2_INV.V_APP_PERSON (PERSON_ID,APP_ID,USERNAME,APP_ROLE,APP_ADMIN,CREATED_ON,DISPLAY_NAME,EMAIL_ADDR) values (171894130803938514423448567704367853291,'110','P2342021','DBA','N',to_date('07-FEB-19','DD-MON-RR'),'Jerry (Edwin) Day','Jerry.(Edwin).Day@charter.com');
Insert into CHARTER2_INV.V_APP_PERSON (PERSON_ID,APP_ID,USERNAME,APP_ROLE,APP_ADMIN,CREATED_ON,DISPLAY_NAME,EMAIL_ADDR) values (171894130803939723349268182333542559467,'110','P2706845','DBA','N',to_date('07-FEB-19','DD-MON-RR'),'Joy Decker','Joy.Decker@charter.com');
Insert into CHARTER2_INV.V_APP_PERSON (PERSON_ID,APP_ID,USERNAME,APP_ROLE,APP_ADMIN,CREATED_ON,DISPLAY_NAME,EMAIL_ADDR) values (171894130803940932275087796962717265643,'110','P2834472','DBA','N',to_date('07-FEB-19','DD-MON-RR'),'Numan Hussain','Numan.Hussain@charter.com');
Insert into CHARTER2_INV.V_APP_PERSON (PERSON_ID,APP_ID,USERNAME,APP_ROLE,APP_ADMIN,CREATED_ON,DISPLAY_NAME,EMAIL_ADDR) values (171894130803942141200907411591891971819,'110','P2811778','DBA','N',to_date('07-FEB-19','DD-MON-RR'),'Olumide Museo','Olumide.Museo@charter.com');
Insert into CHARTER2_INV.V_APP_PERSON (PERSON_ID,APP_ID,USERNAME,APP_ROLE,APP_ADMIN,CREATED_ON,DISPLAY_NAME,EMAIL_ADDR) values (171894130803943350126727026221066677995,'110','P2714926','DBA','N',to_date('07-FEB-19','DD-MON-RR'),'Pankaj Bose','Pankaj.Bose@charter.com');
Insert into CHARTER2_INV.V_APP_PERSON (PERSON_ID,APP_ID,USERNAME,APP_ROLE,APP_ADMIN,CREATED_ON,DISPLAY_NAME,EMAIL_ADDR) values (171894130803944559052546640850241384171,'110','PRAVURI','DBA','N',to_date('07-FEB-19','DD-MON-RR'),'Pravallika Ravuri','Pravallika.Ravuri@charter.com');
Insert into CHARTER2_INV.V_APP_PERSON (PERSON_ID,APP_ID,USERNAME,APP_ROLE,APP_ADMIN,CREATED_ON,DISPLAY_NAME,EMAIL_ADDR) values (171894130803945767978366255479416090347,'110','MGOREPURNA','DBA','N',to_date('07-FEB-19','DD-MON-RR'),'Mamtha Gorepurna','Mamtha.Gorepurna@charter.com');
Insert into CHARTER2_INV.V_APP_PERSON (PERSON_ID,APP_ID,USERNAME,APP_ROLE,APP_ADMIN,CREATED_ON,DISPLAY_NAME,EMAIL_ADDR) values (171894130803946976904185870108590796523,'110','P2736146','DBA','N',to_date('07-FEB-19','DD-MON-RR'),'Rakesh Reddy','Rakesh.Reddy@charter.com');
Insert into CHARTER2_INV.V_APP_PERSON (PERSON_ID,APP_ID,USERNAME,APP_ROLE,APP_ADMIN,CREATED_ON,DISPLAY_NAME,EMAIL_ADDR) values (171894130803948185830005484737765502699,'110','P2835041','DBA','N',to_date('07-FEB-19','DD-MON-RR'),'Rediet Gebremichael','Rediet.Gebremichael@charter.com');
Insert into CHARTER2_INV.V_APP_PERSON (PERSON_ID,APP_ID,USERNAME,APP_ROLE,APP_ADMIN,CREATED_ON,DISPLAY_NAME,EMAIL_ADDR) values (171894130803949394755825099366940208875,'110','P2820259','DBA','N',to_date('07-FEB-19','DD-MON-RR'),'Rishikesh Jha','Rishikesh.Jha@charter.com');
Insert into CHARTER2_INV.V_APP_PERSON (PERSON_ID,APP_ID,USERNAME,APP_ROLE,APP_ADMIN,CREATED_ON,DISPLAY_NAME,EMAIL_ADDR) values (171894130803950603681644713996114915051,'110','P2716704','DBA','N',to_date('07-FEB-19','DD-MON-RR'),'Robin Jindal','Robin.Jindal@charter.com');
Insert into CHARTER2_INV.V_APP_PERSON (PERSON_ID,APP_ID,USERNAME,APP_ROLE,APP_ADMIN,CREATED_ON,DISPLAY_NAME,EMAIL_ADDR) values (171894130803951812607464328625289621227,'110','SALURI','DBA','N',to_date('07-FEB-19','DD-MON-RR'),'Sahithi Aluri','Sahithi.Aluri@charter.com');
Insert into CHARTER2_INV.V_APP_PERSON (PERSON_ID,APP_ID,USERNAME,APP_ROLE,APP_ADMIN,CREATED_ON,DISPLAY_NAME,EMAIL_ADDR) values (171894130803953021533283943254464327403,'110','P2763113','DBA','N',to_date('07-FEB-19','DD-MON-RR'),'Sunil Mothukuri','Sunil.Mothukuri@charter.com');
Insert into CHARTER2_INV.V_APP_PERSON (PERSON_ID,APP_ID,USERNAME,APP_ROLE,APP_ADMIN,CREATED_ON,DISPLAY_NAME,EMAIL_ADDR) values (171894130803954230459103557883639033579,'110','P2705279','DBA','N',to_date('07-FEB-19','DD-MON-RR'),'Venkateswara Pasupuleti','Venkateswara.Pasupuleti@charter.com');
Insert into CHARTER2_INV.V_APP_PERSON (PERSON_ID,APP_ID,USERNAME,APP_ROLE,APP_ADMIN,CREATED_ON,DISPLAY_NAME,EMAIL_ADDR) values (171894130803891366316483597166554312427,'110','SVUPPALA','DBA','N',to_date('07-FEB-19','DD-MON-RR'),'Shiva Vuppala','Shiva.Vuppala@charter.com');
Insert into CHARTER2_INV.V_APP_PERSON (PERSON_ID,APP_ID,USERNAME,APP_ROLE,APP_ADMIN,CREATED_ON,DISPLAY_NAME,EMAIL_ADDR) values (171894130803892575242303211795729018603,'110','SCHINTAPALLY','DBA','N',to_date('07-FEB-19','DD-MON-RR'),'Santosh Chintapally','Santosh.Chintapally@charter.com');
Insert into CHARTER2_INV.V_APP_PERSON (PERSON_ID,APP_ID,USERNAME,APP_ROLE,APP_ADMIN,CREATED_ON,DISPLAY_NAME,EMAIL_ADDR) values (171894130803893784168122826424903724779,'110','SNIZAMUDDIN','DBA','N',to_date('07-FEB-19','DD-MON-RR'),'Syed Nizamuddin','Syed.Nizamuddin@charter.com');
Insert into CHARTER2_INV.V_APP_PERSON (PERSON_ID,APP_ID,USERNAME,APP_ROLE,APP_ADMIN,CREATED_ON,DISPLAY_NAME,EMAIL_ADDR) values (171894130803894993093942441054078430955,'110','P2724389','DBA','N',to_date('07-FEB-19','DD-MON-RR'),'Moses Sriramulu','Moses.Sriramulu@charter.com');
Insert into CHARTER2_INV.V_APP_PERSON (PERSON_ID,APP_ID,USERNAME,APP_ROLE,APP_ADMIN,CREATED_ON,DISPLAY_NAME,EMAIL_ADDR) values (171894130803896202019762055683253137131,'110','P2711617','DBA','N',to_date('07-FEB-19','DD-MON-RR'),'Naveen Chitikela','Naveen.Chitikela@charter.com');
Insert into CHARTER2_INV.V_APP_PERSON (PERSON_ID,APP_ID,USERNAME,APP_ROLE,APP_ADMIN,CREATED_ON,DISPLAY_NAME,EMAIL_ADDR) values (171894130803897410945581670312427843307,'110','P2728406','DBA','N',to_date('07-FEB-19','DD-MON-RR'),'Sukesh Gooduru','Sukesh.Gooduru@charter.com');
Insert into CHARTER2_INV.V_APP_PERSON (PERSON_ID,APP_ID,USERNAME,APP_ROLE,APP_ADMIN,CREATED_ON,DISPLAY_NAME,EMAIL_ADDR) values (171894130803898619871401284941602549483,'110','P2779591','DBA','N',to_date('07-FEB-19','DD-MON-RR'),'Venu Angajala','Venu.Angajala@charter.com');
Insert into CHARTER2_INV.V_APP_PERSON (PERSON_ID,APP_ID,USERNAME,APP_ROLE,APP_ADMIN,CREATED_ON,DISPLAY_NAME,EMAIL_ADDR) values (171894130803899828797220899570777255659,'110','P2746279','DBA','N',to_date('07-FEB-19','DD-MON-RR'),'Michael Ollennu','Michael.Ollennu@charter.com');
Insert into CHARTER2_INV.V_APP_PERSON (PERSON_ID,APP_ID,USERNAME,APP_ROLE,APP_ADMIN,CREATED_ON,DISPLAY_NAME,EMAIL_ADDR) values (171894130803901037723040514199951961835,'110','P2802859','DBA','N',to_date('07-FEB-19','DD-MON-RR'),'Padmaja Pulivarthy','Padmaja.Pulivarthy@charter.com');
Insert into CHARTER2_INV.V_APP_PERSON (PERSON_ID,APP_ID,USERNAME,APP_ROLE,APP_ADMIN,CREATED_ON,DISPLAY_NAME,EMAIL_ADDR) values (171894130803902246648860128829126668011,'110','P2802860','DBA','N',to_date('07-FEB-19','DD-MON-RR'),'Sujit Kumar Podder','Sujit.Kumar.Podder@charter.com');
Insert into CHARTER2_INV.V_APP_PERSON (PERSON_ID,APP_ID,USERNAME,APP_ROLE,APP_ADMIN,CREATED_ON,DISPLAY_NAME,EMAIL_ADDR) values (171894130803903455574679743458301374187,'110','P2754288','DBA','N',to_date('07-FEB-19','DD-MON-RR'),'Athar Ali','Athar.Ali@charter.com');
Insert into CHARTER2_INV.V_APP_PERSON (PERSON_ID,APP_ID,USERNAME,APP_ROLE,APP_ADMIN,CREATED_ON,DISPLAY_NAME,EMAIL_ADDR) values (171894130803904664500499358087476080363,'110','P2815295','DBA','N',to_date('07-FEB-19','DD-MON-RR'),'Mamatha Maddi','Mamatha.Maddi@charter.com');
Insert into CHARTER2_INV.V_APP_PERSON (PERSON_ID,APP_ID,USERNAME,APP_ROLE,APP_ADMIN,CREATED_ON,DISPLAY_NAME,EMAIL_ADDR) values (171894130803905873426318972716650786539,'110','P2819919','DBA','N',to_date('07-FEB-19','DD-MON-RR'),'Kumar Balaraju','Kumar.Balaraju@charter.com');
Insert into CHARTER2_INV.V_APP_PERSON (PERSON_ID,APP_ID,USERNAME,APP_ROLE,APP_ADMIN,CREATED_ON,DISPLAY_NAME,EMAIL_ADDR) values (171894130803907082352138587345825492715,'110','P2829424 ','DBA','N',to_date('07-FEB-19','DD-MON-RR'),'Ola Okoh','Ola.Okoh@charter.com');
Insert into CHARTER2_INV.V_APP_PERSON (PERSON_ID,APP_ID,USERNAME,APP_ROLE,APP_ADMIN,CREATED_ON,DISPLAY_NAME,EMAIL_ADDR) values (171894130803908291277958201975000198891,'110','P2833373','DBA','N',to_date('07-FEB-19','DD-MON-RR'),'Michael Blanford','Michael.Blanford@charter.com');
Insert into CHARTER2_INV.V_APP_PERSON (PERSON_ID,APP_ID,USERNAME,APP_ROLE,APP_ADMIN,CREATED_ON,DISPLAY_NAME,EMAIL_ADDR) values (171894130803909500203777816604174905067,'110','V728404','DBA','N',to_date('07-FEB-19','DD-MON-RR'),'Gaurav Varshney','Gaurav.Varshney@charter.com');
Insert into CHARTER2_INV.V_APP_PERSON (PERSON_ID,APP_ID,USERNAME,APP_ROLE,APP_ADMIN,CREATED_ON,DISPLAY_NAME,EMAIL_ADDR) values (171894130803910709129597431233349611243,'110','P2161154','DBA','N',to_date('07-FEB-19','DD-MON-RR'),'Haiyan He','Haiyan.He@charter.com');
Insert into CHARTER2_INV.V_APP_PERSON (PERSON_ID,APP_ID,USERNAME,APP_ROLE,APP_ADMIN,CREATED_ON,DISPLAY_NAME,EMAIL_ADDR) values (171894130803911918055417045862524317419,'110','P2178938','DBA','N',to_date('07-FEB-19','DD-MON-RR'),'Ackridge, Martina ','Ackridge,.Martina @charter.com');
Insert into CHARTER2_INV.V_APP_PERSON (PERSON_ID,APP_ID,USERNAME,APP_ROLE,APP_ADMIN,CREATED_ON,DISPLAY_NAME,EMAIL_ADDR) values (171894130803913126981236660491699023595,'110','P2763320 ','DBA','N',to_date('07-FEB-19','DD-MON-RR'),'Shanmuka Kollu','Shanmuka.Kollu@charter.com');
Insert into CHARTER2_INV.V_APP_PERSON (PERSON_ID,APP_ID,USERNAME,APP_ROLE,APP_ADMIN,CREATED_ON,DISPLAY_NAME,EMAIL_ADDR) values (171894130803914335907056275120873729771,'110','P2185259','DBA','N',to_date('07-FEB-19','DD-MON-RR'),'John Klein','John.Klein@charter.com');
Insert into CHARTER2_INV.V_APP_PERSON (PERSON_ID,APP_ID,USERNAME,APP_ROLE,APP_ADMIN,CREATED_ON,DISPLAY_NAME,EMAIL_ADDR) values (171894130803915544832875889750048435947,'110','P2787737','DBA','N',to_date('07-FEB-19','DD-MON-RR'),'Krishna Bhargav','Krishna.Bhargav@charter.com');
Insert into CHARTER2_INV.V_APP_PERSON (PERSON_ID,APP_ID,USERNAME,APP_ROLE,APP_ADMIN,CREATED_ON,DISPLAY_NAME,EMAIL_ADDR) values (164419058386983690911951649045484316994,'110','JRAULJI_DEV','DBA','N',to_date('27-NOV-18','DD-MON-RR'),'JRAULJI_DEV',null);
Insert into CHARTER2_INV.V_APP_PERSON (PERSON_ID,APP_ID,USERNAME,APP_ROLE,APP_ADMIN,CREATED_ON,DISPLAY_NAME,EMAIL_ADDR) values (164502500004154837111133637134766461205,'110','TESTUSER','DBA','N',to_date('28-NOV-18','DD-MON-RR'),'Tester',null);
Insert into CHARTER2_INV.V_APP_PERSON (PERSON_ID,APP_ID,USERNAME,APP_ROLE,APP_ADMIN,CREATED_ON,DISPLAY_NAME,EMAIL_ADDR) values (169386736033093556144811516869122626797,'110','HARPREET','DBA','N',to_date('14-JAN-19','DD-MON-RR'),'HARPREET',null);
Insert into CHARTER2_INV.V_APP_PERSON (PERSON_ID,APP_ID,USERNAME,APP_ROLE,APP_ADMIN,CREATED_ON,DISPLAY_NAME,EMAIL_ADDR) values (177547571179391324501678979129803437964,'110','CHARTERDBA','DBA','N',to_date('02-APR-19','DD-MON-RR'),'Charter DBA Test User',null);
Insert into CHARTER2_INV.V_APP_PERSON (PERSON_ID,APP_ID,USERNAME,APP_ROLE,APP_ADMIN,CREATED_ON,DISPLAY_NAME,EMAIL_ADDR) values (177547571179392533427498593758978144140,'110','CHARTERADMIN','DBA','N',to_date('02-APR-19','DD-MON-RR'),'Charter Admin',null);
REM INSERTING into CHARTER2_INV.V_APP_PERSON_ROLES
SET DEFINE OFF;
Insert into CHARTER2_INV.V_APP_PERSON_ROLES (PERSON_ID,ROLE_ID,CREATED_ON) values (164694007009304655774157192617213480178,164414018676934047884281357318755058841,to_date('30-NOV-18','DD-MON-RR'));
Insert into CHARTER2_INV.V_APP_PERSON_ROLES (PERSON_ID,ROLE_ID,CREATED_ON) values (164694007009304655774157192617213480178,164414018676932838958461742689580352665,to_date('30-NOV-18','DD-MON-RR'));
Insert into CHARTER2_INV.V_APP_PERSON_ROLES (PERSON_ID,ROLE_ID,CREATED_ON) values (164502500004154837111133637134766461205,164414018676932838958461742689580352665,to_date('08-JAN-19','DD-MON-RR'));
Insert into CHARTER2_INV.V_APP_PERSON_ROLES (PERSON_ID,ROLE_ID,CREATED_ON) values (164694007009304655774157192617213480178,164414018676935256810100971947929765017,to_date('30-NOV-18','DD-MON-RR'));
Insert into CHARTER2_INV.V_APP_PERSON_ROLES (PERSON_ID,ROLE_ID,CREATED_ON) values (164694007009304655774157192617213480178,168784164024561006185993808180306128458,to_date('08-JAN-19','DD-MON-RR'));
Insert into CHARTER2_INV.V_APP_PERSON_ROLES (PERSON_ID,ROLE_ID,CREATED_ON) values (167503058355295030193151687859695671520,164414018676935256810100971947929765017,to_date('27-DEC-18','DD-MON-RR'));
Insert into CHARTER2_INV.V_APP_PERSON_ROLES (PERSON_ID,ROLE_ID,CREATED_ON) values (167503058355295030193151687859695671520,164414018676937674661740201206279177369,to_date('27-DEC-18','DD-MON-RR'));
Insert into CHARTER2_INV.V_APP_PERSON_ROLES (PERSON_ID,ROLE_ID,CREATED_ON) values (167503058355295030193151687859695671520,164414018676936465735920586577104471193,to_date('27-DEC-18','DD-MON-RR'));
Insert into CHARTER2_INV.V_APP_PERSON_ROLES (PERSON_ID,ROLE_ID,CREATED_ON) values (167503058355295030193151687859695671520,164414018676932838958461742689580352665,to_date('27-DEC-18','DD-MON-RR'));
Insert into CHARTER2_INV.V_APP_PERSON_ROLES (PERSON_ID,ROLE_ID,CREATED_ON) values (164694007009304655774157192617213480178,170335479402088573881796598254275314875,to_date('28-JAN-19','DD-MON-RR'));
Insert into CHARTER2_INV.V_APP_PERSON_ROLES (PERSON_ID,ROLE_ID,CREATED_ON) values (164419058386983690911951649045484316994,168784164024561006185993808180306128458,to_date('30-JAN-19','DD-MON-RR'));
Insert into CHARTER2_INV.V_APP_PERSON_ROLES (PERSON_ID,ROLE_ID,CREATED_ON) values (164419058386983690911951649045484316994,170335479402088573881796598254275314875,to_date('30-JAN-19','DD-MON-RR'));
Insert into CHARTER2_INV.V_APP_PERSON_ROLES (PERSON_ID,ROLE_ID,CREATED_ON) values (164419058386983690911951649045484316994,171088795498877568761987407822587565906,to_date('30-JAN-19','DD-MON-RR'));
Insert into CHARTER2_INV.V_APP_PERSON_ROLES (PERSON_ID,ROLE_ID,CREATED_ON) values (164694007009304655774157192617213480178,171088795498877568761987407822587565906,to_date('30-JAN-19','DD-MON-RR'));
Insert into CHARTER2_INV.V_APP_PERSON_ROLES (PERSON_ID,ROLE_ID,CREATED_ON) values (171894130803891366316483597166554312427,164414018676934047884281357318755058841,to_date('07-FEB-19','DD-MON-RR'));
Insert into CHARTER2_INV.V_APP_PERSON_ROLES (PERSON_ID,ROLE_ID,CREATED_ON) values (171894130803892575242303211795729018603,164414018676934047884281357318755058841,to_date('07-FEB-19','DD-MON-RR'));
Insert into CHARTER2_INV.V_APP_PERSON_ROLES (PERSON_ID,ROLE_ID,CREATED_ON) values (171894130803893784168122826424903724779,164414018676934047884281357318755058841,to_date('07-FEB-19','DD-MON-RR'));
Insert into CHARTER2_INV.V_APP_PERSON_ROLES (PERSON_ID,ROLE_ID,CREATED_ON) values (171894130803894993093942441054078430955,164414018676934047884281357318755058841,to_date('07-FEB-19','DD-MON-RR'));
Insert into CHARTER2_INV.V_APP_PERSON_ROLES (PERSON_ID,ROLE_ID,CREATED_ON) values (171894130803896202019762055683253137131,164414018676934047884281357318755058841,to_date('07-FEB-19','DD-MON-RR'));
Insert into CHARTER2_INV.V_APP_PERSON_ROLES (PERSON_ID,ROLE_ID,CREATED_ON) values (171894130803897410945581670312427843307,164414018676934047884281357318755058841,to_date('07-FEB-19','DD-MON-RR'));
Insert into CHARTER2_INV.V_APP_PERSON_ROLES (PERSON_ID,ROLE_ID,CREATED_ON) values (171894130803898619871401284941602549483,164414018676934047884281357318755058841,to_date('07-FEB-19','DD-MON-RR'));
Insert into CHARTER2_INV.V_APP_PERSON_ROLES (PERSON_ID,ROLE_ID,CREATED_ON) values (171894130803899828797220899570777255659,164414018676934047884281357318755058841,to_date('07-FEB-19','DD-MON-RR'));
Insert into CHARTER2_INV.V_APP_PERSON_ROLES (PERSON_ID,ROLE_ID,CREATED_ON) values (171894130803901037723040514199951961835,164414018676934047884281357318755058841,to_date('07-FEB-19','DD-MON-RR'));
Insert into CHARTER2_INV.V_APP_PERSON_ROLES (PERSON_ID,ROLE_ID,CREATED_ON) values (171894130803902246648860128829126668011,164414018676934047884281357318755058841,to_date('07-FEB-19','DD-MON-RR'));
Insert into CHARTER2_INV.V_APP_PERSON_ROLES (PERSON_ID,ROLE_ID,CREATED_ON) values (171894130803903455574679743458301374187,164414018676934047884281357318755058841,to_date('07-FEB-19','DD-MON-RR'));
Insert into CHARTER2_INV.V_APP_PERSON_ROLES (PERSON_ID,ROLE_ID,CREATED_ON) values (171894130803904664500499358087476080363,164414018676934047884281357318755058841,to_date('07-FEB-19','DD-MON-RR'));
Insert into CHARTER2_INV.V_APP_PERSON_ROLES (PERSON_ID,ROLE_ID,CREATED_ON) values (171894130803905873426318972716650786539,164414018676934047884281357318755058841,to_date('07-FEB-19','DD-MON-RR'));
Insert into CHARTER2_INV.V_APP_PERSON_ROLES (PERSON_ID,ROLE_ID,CREATED_ON) values (171894130803907082352138587345825492715,164414018676934047884281357318755058841,to_date('07-FEB-19','DD-MON-RR'));
Insert into CHARTER2_INV.V_APP_PERSON_ROLES (PERSON_ID,ROLE_ID,CREATED_ON) values (171894130803908291277958201975000198891,164414018676934047884281357318755058841,to_date('07-FEB-19','DD-MON-RR'));
Insert into CHARTER2_INV.V_APP_PERSON_ROLES (PERSON_ID,ROLE_ID,CREATED_ON) values (171894130803909500203777816604174905067,164414018676934047884281357318755058841,to_date('07-FEB-19','DD-MON-RR'));
Insert into CHARTER2_INV.V_APP_PERSON_ROLES (PERSON_ID,ROLE_ID,CREATED_ON) values (171894130803910709129597431233349611243,164414018676934047884281357318755058841,to_date('07-FEB-19','DD-MON-RR'));
Insert into CHARTER2_INV.V_APP_PERSON_ROLES (PERSON_ID,ROLE_ID,CREATED_ON) values (171894130803911918055417045862524317419,164414018676934047884281357318755058841,to_date('07-FEB-19','DD-MON-RR'));
Insert into CHARTER2_INV.V_APP_PERSON_ROLES (PERSON_ID,ROLE_ID,CREATED_ON) values (171894130803913126981236660491699023595,164414018676934047884281357318755058841,to_date('07-FEB-19','DD-MON-RR'));
Insert into CHARTER2_INV.V_APP_PERSON_ROLES (PERSON_ID,ROLE_ID,CREATED_ON) values (171894130803914335907056275120873729771,164414018676934047884281357318755058841,to_date('07-FEB-19','DD-MON-RR'));
Insert into CHARTER2_INV.V_APP_PERSON_ROLES (PERSON_ID,ROLE_ID,CREATED_ON) values (171894130803915544832875889750048435947,164414018676934047884281357318755058841,to_date('07-FEB-19','DD-MON-RR'));
Insert into CHARTER2_INV.V_APP_PERSON_ROLES (PERSON_ID,ROLE_ID,CREATED_ON) values (171894130803916753758695504379223142123,164414018676934047884281357318755058841,to_date('07-FEB-19','DD-MON-RR'));
Insert into CHARTER2_INV.V_APP_PERSON_ROLES (PERSON_ID,ROLE_ID,CREATED_ON) values (171894130803917962684515119008397848299,164414018676934047884281357318755058841,to_date('07-FEB-19','DD-MON-RR'));
Insert into CHARTER2_INV.V_APP_PERSON_ROLES (PERSON_ID,ROLE_ID,CREATED_ON) values (171894130803919171610334733637572554475,164414018676934047884281357318755058841,to_date('07-FEB-19','DD-MON-RR'));
Insert into CHARTER2_INV.V_APP_PERSON_ROLES (PERSON_ID,ROLE_ID,CREATED_ON) values (171894130803920380536154348266747260651,164414018676934047884281357318755058841,to_date('07-FEB-19','DD-MON-RR'));
Insert into CHARTER2_INV.V_APP_PERSON_ROLES (PERSON_ID,ROLE_ID,CREATED_ON) values (171894130803921589461973962895921966827,164414018676934047884281357318755058841,to_date('07-FEB-19','DD-MON-RR'));
Insert into CHARTER2_INV.V_APP_PERSON_ROLES (PERSON_ID,ROLE_ID,CREATED_ON) values (171894130803922798387793577525096673003,164414018676934047884281357318755058841,to_date('07-FEB-19','DD-MON-RR'));
Insert into CHARTER2_INV.V_APP_PERSON_ROLES (PERSON_ID,ROLE_ID,CREATED_ON) values (171894130803924007313613192154271379179,164414018676934047884281357318755058841,to_date('07-FEB-19','DD-MON-RR'));
Insert into CHARTER2_INV.V_APP_PERSON_ROLES (PERSON_ID,ROLE_ID,CREATED_ON) values (171894130803925216239432806783446085355,164414018676934047884281357318755058841,to_date('07-FEB-19','DD-MON-RR'));
Insert into CHARTER2_INV.V_APP_PERSON_ROLES (PERSON_ID,ROLE_ID,CREATED_ON) values (171894130803926425165252421412620791531,164414018676934047884281357318755058841,to_date('07-FEB-19','DD-MON-RR'));
Insert into CHARTER2_INV.V_APP_PERSON_ROLES (PERSON_ID,ROLE_ID,CREATED_ON) values (171894130803927634091072036041795497707,164414018676934047884281357318755058841,to_date('07-FEB-19','DD-MON-RR'));
Insert into CHARTER2_INV.V_APP_PERSON_ROLES (PERSON_ID,ROLE_ID,CREATED_ON) values (171894130803928843016891650670970203883,164414018676934047884281357318755058841,to_date('07-FEB-19','DD-MON-RR'));
Insert into CHARTER2_INV.V_APP_PERSON_ROLES (PERSON_ID,ROLE_ID,CREATED_ON) values (171894130803930051942711265300144910059,164414018676932838958461742689580352665,to_date('07-FEB-19','DD-MON-RR'));
Insert into CHARTER2_INV.V_APP_PERSON_ROLES (PERSON_ID,ROLE_ID,CREATED_ON) values (171894130803931260868530879929319616235,164414018676932838958461742689580352665,to_date('07-FEB-19','DD-MON-RR'));
Insert into CHARTER2_INV.V_APP_PERSON_ROLES (PERSON_ID,ROLE_ID,CREATED_ON) values (171894130803932469794350494558494322411,164414018676932838958461742689580352665,to_date('07-FEB-19','DD-MON-RR'));
Insert into CHARTER2_INV.V_APP_PERSON_ROLES (PERSON_ID,ROLE_ID,CREATED_ON) values (171894130803933678720170109187669028587,164414018676932838958461742689580352665,to_date('07-FEB-19','DD-MON-RR'));
Insert into CHARTER2_INV.V_APP_PERSON_ROLES (PERSON_ID,ROLE_ID,CREATED_ON) values (171894130803934887645989723816843734763,164414018676932838958461742689580352665,to_date('07-FEB-19','DD-MON-RR'));
Insert into CHARTER2_INV.V_APP_PERSON_ROLES (PERSON_ID,ROLE_ID,CREATED_ON) values (171894130803936096571809338446018440939,164414018676932838958461742689580352665,to_date('07-FEB-19','DD-MON-RR'));
Insert into CHARTER2_INV.V_APP_PERSON_ROLES (PERSON_ID,ROLE_ID,CREATED_ON) values (171894130803937305497628953075193147115,164414018676932838958461742689580352665,to_date('07-FEB-19','DD-MON-RR'));
Insert into CHARTER2_INV.V_APP_PERSON_ROLES (PERSON_ID,ROLE_ID,CREATED_ON) values (171894130803938514423448567704367853291,164414018676932838958461742689580352665,to_date('07-FEB-19','DD-MON-RR'));
Insert into CHARTER2_INV.V_APP_PERSON_ROLES (PERSON_ID,ROLE_ID,CREATED_ON) values (171894130803939723349268182333542559467,164414018676932838958461742689580352665,to_date('07-FEB-19','DD-MON-RR'));
Insert into CHARTER2_INV.V_APP_PERSON_ROLES (PERSON_ID,ROLE_ID,CREATED_ON) values (171894130803940932275087796962717265643,164414018676932838958461742689580352665,to_date('07-FEB-19','DD-MON-RR'));
Insert into CHARTER2_INV.V_APP_PERSON_ROLES (PERSON_ID,ROLE_ID,CREATED_ON) values (171894130803942141200907411591891971819,164414018676932838958461742689580352665,to_date('07-FEB-19','DD-MON-RR'));
Insert into CHARTER2_INV.V_APP_PERSON_ROLES (PERSON_ID,ROLE_ID,CREATED_ON) values (171894130803943350126727026221066677995,164414018676932838958461742689580352665,to_date('07-FEB-19','DD-MON-RR'));
Insert into CHARTER2_INV.V_APP_PERSON_ROLES (PERSON_ID,ROLE_ID,CREATED_ON) values (171894130803944559052546640850241384171,164414018676932838958461742689580352665,to_date('07-FEB-19','DD-MON-RR'));
Insert into CHARTER2_INV.V_APP_PERSON_ROLES (PERSON_ID,ROLE_ID,CREATED_ON) values (171894130803945767978366255479416090347,164414018676932838958461742689580352665,to_date('07-FEB-19','DD-MON-RR'));
Insert into CHARTER2_INV.V_APP_PERSON_ROLES (PERSON_ID,ROLE_ID,CREATED_ON) values (171894130803946976904185870108590796523,164414018676932838958461742689580352665,to_date('07-FEB-19','DD-MON-RR'));
Insert into CHARTER2_INV.V_APP_PERSON_ROLES (PERSON_ID,ROLE_ID,CREATED_ON) values (171894130803948185830005484737765502699,164414018676932838958461742689580352665,to_date('07-FEB-19','DD-MON-RR'));
Insert into CHARTER2_INV.V_APP_PERSON_ROLES (PERSON_ID,ROLE_ID,CREATED_ON) values (171894130803949394755825099366940208875,164414018676932838958461742689580352665,to_date('07-FEB-19','DD-MON-RR'));
Insert into CHARTER2_INV.V_APP_PERSON_ROLES (PERSON_ID,ROLE_ID,CREATED_ON) values (171894130803950603681644713996114915051,164414018676932838958461742689580352665,to_date('07-FEB-19','DD-MON-RR'));
Insert into CHARTER2_INV.V_APP_PERSON_ROLES (PERSON_ID,ROLE_ID,CREATED_ON) values (171894130803951812607464328625289621227,164414018676932838958461742689580352665,to_date('07-FEB-19','DD-MON-RR'));
Insert into CHARTER2_INV.V_APP_PERSON_ROLES (PERSON_ID,ROLE_ID,CREATED_ON) values (171894130803953021533283943254464327403,164414018676932838958461742689580352665,to_date('07-FEB-19','DD-MON-RR'));
Insert into CHARTER2_INV.V_APP_PERSON_ROLES (PERSON_ID,ROLE_ID,CREATED_ON) values (171894130803954230459103557883639033579,164414018676932838958461742689580352665,to_date('07-FEB-19','DD-MON-RR'));
Insert into CHARTER2_INV.V_APP_PERSON_ROLES (PERSON_ID,ROLE_ID,CREATED_ON) values (162639739664079636325241594720442522540,164414018676935256810100971947929765017,to_date('21-FEB-19','DD-MON-RR'));
Insert into CHARTER2_INV.V_APP_PERSON_ROLES (PERSON_ID,ROLE_ID,CREATED_ON) values (164419058386983690911951649045484316994,164414018676935256810100971947929765017,to_date('27-NOV-18','DD-MON-RR'));
Insert into CHARTER2_INV.V_APP_PERSON_ROLES (PERSON_ID,ROLE_ID,CREATED_ON) values (164419058386983690911951649045484316994,164414018676934047884281357318755058841,to_date('27-NOV-18','DD-MON-RR'));
Insert into CHARTER2_INV.V_APP_PERSON_ROLES (PERSON_ID,ROLE_ID,CREATED_ON) values (164419058386983690911951649045484316994,164414018676932838958461742689580352665,to_date('28-NOV-18','DD-MON-RR'));
Insert into CHARTER2_INV.V_APP_PERSON_ROLES (PERSON_ID,ROLE_ID,CREATED_ON) values (162639739664079636325241594720442522540,164414018676934047884281357318755058841,to_date('09-JAN-19','DD-MON-RR'));
Insert into CHARTER2_INV.V_APP_PERSON_ROLES (PERSON_ID,ROLE_ID,CREATED_ON) values (169386736033093556144811516869122626797,164414018676934047884281357318755058841,to_date('14-JAN-19','DD-MON-RR'));
Insert into CHARTER2_INV.V_APP_PERSON_ROLES (PERSON_ID,ROLE_ID,CREATED_ON) values (169386736033093556144811516869122626797,164414018676937674661740201206279177369,to_date('14-JAN-19','DD-MON-RR'));
Insert into CHARTER2_INV.V_APP_PERSON_ROLES (PERSON_ID,ROLE_ID,CREATED_ON) values (169386736033093556144811516869122626797,164414018676935256810100971947929765017,to_date('14-JAN-19','DD-MON-RR'));
Insert into CHARTER2_INV.V_APP_PERSON_ROLES (PERSON_ID,ROLE_ID,CREATED_ON) values (177547571179391324501678979129803437964,164414018676934047884281357318755058841,to_date('02-APR-19','DD-MON-RR'));
Insert into CHARTER2_INV.V_APP_PERSON_ROLES (PERSON_ID,ROLE_ID,CREATED_ON) values (177547571179391324501678979129803437964,164414018676937674661740201206279177369,to_date('02-APR-19','DD-MON-RR'));
Insert into CHARTER2_INV.V_APP_PERSON_ROLES (PERSON_ID,ROLE_ID,CREATED_ON) values (177547571179392533427498593758978144140,164414018676934047884281357318755058841,to_date('02-APR-19','DD-MON-RR'));
Insert into CHARTER2_INV.V_APP_PERSON_ROLES (PERSON_ID,ROLE_ID,CREATED_ON) values (177547571179392533427498593758978144140,164414018676937674661740201206279177369,to_date('02-APR-19','DD-MON-RR'));
Insert into CHARTER2_INV.V_APP_PERSON_ROLES (PERSON_ID,ROLE_ID,CREATED_ON) values (177547571179392533427498593758978144140,164414018676935256810100971947929765017,to_date('02-APR-19','DD-MON-RR'));
Insert into CHARTER2_INV.V_APP_PERSON_ROLES (PERSON_ID,ROLE_ID,CREATED_ON) values (162639739664079636325241594720442522540,164414018676932838958461742689580352665,to_date('02-APR-19','DD-MON-RR'));
REM INSERTING into CHARTER2_INV.V_APP_SETTINGS
SET DEFINE OFF;
Insert into CHARTER2_INV.V_APP_SETTINGS (ID,SETTING_NAME,SETTING_VALUE,SETTING_DESC,SETTING_CATEGORY,CREATED,CREATED_BY,UPDATED,UPDATED_BY,APEX_APP_ID) values (170121863925362677709291087379856816311,'ORDS_API_URL','https://apex-dev.techlab.com:8443/ords/invent2/charter','URL for the ORDS Rest Service','ORDS_API_URL',to_date('21-JAN-19','DD-MON-RR'),'MPERRY',to_date('21-JAN-19','DD-MON-RR'),'MPERRY',null);
Insert into CHARTER2_INV.V_APP_SETTINGS (ID,SETTING_NAME,SETTING_VALUE,SETTING_DESC,SETTING_CATEGORY,CREATED,CREATED_BY,UPDATED,UPDATED_BY,APEX_APP_ID) values (170121863925363886635110702009031522487,'ORDS_OAUTH_URL','https://apex-dev.techlab.com:8443/ords/invent2/oauth/token','ORDS URL to request Oauth tokens','ORDS_OAUTH_URL',to_date('21-JAN-19','DD-MON-RR'),'MPERRY',to_date('21-JAN-19','DD-MON-RR'),'MPERRY',null);
Insert into CHARTER2_INV.V_APP_SETTINGS (ID,SETTING_NAME,SETTING_VALUE,SETTING_DESC,SETTING_CATEGORY,CREATED,CREATED_BY,UPDATED,UPDATED_BY,APEX_APP_ID) values (161246574082337468746594090212274141948,'TOWER USER','apex',null,'TOWER ACCOUNT',to_date('28-OCT-18','DD-MON-RR'),'JMITCHELL',to_date('06-NOV-18','DD-MON-RR'),'CHARTER2_INV',105);
Insert into CHARTER2_INV.V_APP_SETTINGS (ID,SETTING_NAME,SETTING_VALUE,SETTING_DESC,SETTING_CATEGORY,CREATED,CREATED_BY,UPDATED,UPDATED_BY,APEX_APP_ID) values (161246574082338677672413704841448848124,'TOWER PASSWORD','6F10E57DE1C41624258CDBDCFB4A0E07',null,'TOWER ACCOUNT PASSWORD',to_date('28-OCT-18','DD-MON-RR'),'JMITCHELL',to_date('06-NOV-18','DD-MON-RR'),'CHARTER2_INV',105);
Insert into CHARTER2_INV.V_APP_SETTINGS (ID,SETTING_NAME,SETTING_VALUE,SETTING_DESC,SETTING_CATEGORY,CREATED,CREATED_BY,UPDATED,UPDATED_BY,APEX_APP_ID) values (161246574082339886598233319470623554300,'Tower URL','https://tower.techlab.com/',null,'TOWER URL',to_date('28-OCT-18','DD-MON-RR'),'JMITCHELL',to_date('06-NOV-18','DD-MON-RR'),'CHARTER2_INV',105);
Insert into CHARTER2_INV.V_APP_SETTINGS (ID,SETTING_NAME,SETTING_VALUE,SETTING_DESC,SETTING_CATEGORY,CREATED,CREATED_BY,UPDATED,UPDATED_BY,APEX_APP_ID) values (161246574082341095524052934099798260476,'Tower ENDPOINT','https://tower.techlab.com/api/v2/',null,'TOWER ENDPOINT',to_date('28-OCT-18','DD-MON-RR'),'JMITCHELL',to_date('06-NOV-18','DD-MON-RR'),'CHARTER2_INV',105);
Insert into CHARTER2_INV.V_APP_SETTINGS (ID,SETTING_NAME,SETTING_VALUE,SETTING_DESC,SETTING_CATEGORY,CREATED,CREATED_BY,UPDATED,UPDATED_BY,APEX_APP_ID) values (161246574082342304449872548728972966652,'Wallet','file:/home/oracle/app/oracle/product/12.2.0/dbhome_1/user',null,'ORACLE_WALLET_PATH',to_date('28-OCT-18','DD-MON-RR'),'JMITCHELL',to_date('21-FEB-19','DD-MON-RR'),'MPERRY',105);
Insert into CHARTER2_INV.V_APP_SETTINGS (ID,SETTING_NAME,SETTING_VALUE,SETTING_DESC,SETTING_CATEGORY,CREATED,CREATED_BY,UPDATED,UPDATED_BY,APEX_APP_ID) values (161246574082343513375692163358147672828,'Oracle Inventory','Apex_dev_invent',null,'ORACLE INVENTORY',to_date('28-OCT-18','DD-MON-RR'),'JMITCHELL',to_date('04-JAN-19','DD-MON-RR'),'MPERRY',105);
Insert into CHARTER2_INV.V_APP_SETTINGS (ID,SETTING_NAME,SETTING_VALUE,SETTING_DESC,SETTING_CATEGORY,CREATED,CREATED_BY,UPDATED,UPDATED_BY,APEX_APP_ID) values (161246574082344722301511777987322379004,'Inventory ID','28',null,'ORACLE INVENTORY ID',to_date('28-OCT-18','DD-MON-RR'),'JMITCHELL',to_date('04-JAN-19','DD-MON-RR'),'MPERRY',105);
Insert into CHARTER2_INV.V_APP_SETTINGS (ID,SETTING_NAME,SETTING_VALUE,SETTING_DESC,SETTING_CATEGORY,CREATED,CREATED_BY,UPDATED,UPDATED_BY,APEX_APP_ID) values (161246574082345931227331392616497085180,'DOMAIN','.techlab.com',null,'TOWER DOMAIN',to_date('28-OCT-18','DD-MON-RR'),'JMITCHELL',to_date('06-NOV-18','DD-MON-RR'),'CHARTER2_INV',105);
Insert into CHARTER2_INV.V_APP_SETTINGS (ID,SETTING_NAME,SETTING_VALUE,SETTING_DESC,SETTING_CATEGORY,CREATED,CREATED_BY,UPDATED,UPDATED_BY,APEX_APP_ID) values (161246574082347140153151007245671791356,'Wallet Password','BFDD65937476E9DFDEEA8A48D3447A3E',null,'WALLET_PASSWORD',to_date('28-OCT-18','DD-MON-RR'),'JMITCHELL',to_date('06-NOV-18','DD-MON-RR'),'CHARTER2_INV',105);
Insert into CHARTER2_INV.V_APP_SETTINGS (ID,SETTING_NAME,SETTING_VALUE,SETTING_DESC,SETTING_CATEGORY,CREATED,CREATED_BY,UPDATED,UPDATED_BY,APEX_APP_ID) values (161788623993767506985391650345019140923,'TEST PASSWORD','015FA1CF3F93F1E62719CD495CA1E2CF','Sample','TEST PASSWORD',to_date('02-NOV-18','DD-MON-RR'),'MPERRY',to_date('06-NOV-18','DD-MON-RR'),'CHARTER2_INV',105);
Insert into CHARTER2_INV.V_APP_SETTINGS (ID,SETTING_NAME,SETTING_VALUE,SETTING_DESC,SETTING_CATEGORY,CREATED,CREATED_BY,UPDATED,UPDATED_BY,APEX_APP_ID) values (162420892646147837271047481718475512436,'MSSQL_INVENTORY','Apex_dev_invent','MSSQL_INVENTORY','MSSQL_INVENTORY',to_date('08-NOV-18','DD-MON-RR'),'MPERRY',to_date('09-JAN-19','DD-MON-RR'),'MPERRY',null);
Insert into CHARTER2_INV.V_APP_SETTINGS (ID,SETTING_NAME,SETTING_VALUE,SETTING_DESC,SETTING_CATEGORY,CREATED,CREATED_BY,UPDATED,UPDATED_BY,APEX_APP_ID) values (162420892646149046196867096347650218612,'MSSQL_INVENTORY_ID','28','MSSQL_INVENTORY_ID','MSSQL_INVENTORY_ID',to_date('08-NOV-18','DD-MON-RR'),'MPERRY',to_date('09-JAN-19','DD-MON-RR'),'MPERRY',null);
Insert into CHARTER2_INV.V_APP_SETTINGS (ID,SETTING_NAME,SETTING_VALUE,SETTING_DESC,SETTING_CATEGORY,CREATED,CREATED_BY,UPDATED,UPDATED_BY,APEX_APP_ID) values (162639739664080845251061209349617228716,'APP_ADMIN_EMAIL','matt.perry@sgp-i.com',null,'APP_ADMIN_EMAIL',to_date('10-NOV-18','DD-MON-RR'),'MPERRY',to_date('10-NOV-18','DD-MON-RR'),'MPERRY',null);
Insert into CHARTER2_INV.V_APP_SETTINGS (ID,SETTING_NAME,SETTING_VALUE,SETTING_DESC,SETTING_CATEGORY,CREATED,CREATED_BY,UPDATED,UPDATED_BY,APEX_APP_ID) values (171936006224826817493074589954937092108,'SERVICENOW.ENDPOINT','https://onepointdemo.service-now.com/api/now/table/',null,'SERVICENOW.ENDPOINT',to_date('07-FEB-19','DD-MON-RR'),'MPERRY',to_date('07-FEB-19','DD-MON-RR'),'MPERRY',null);
Insert into CHARTER2_INV.V_APP_SETTINGS (ID,SETTING_NAME,SETTING_VALUE,SETTING_DESC,SETTING_CATEGORY,CREATED,CREATED_BY,UPDATED,UPDATED_BY,APEX_APP_ID) values (171936006224828026418894204584111798284,'URL','https://onepointdemo.service-now.com/',null,'SERVICENOW.URL',to_date('07-FEB-19','DD-MON-RR'),'MPERRY',to_date('07-FEB-19','DD-MON-RR'),'MPERRY',null);
Insert into CHARTER2_INV.V_APP_SETTINGS (ID,SETTING_NAME,SETTING_VALUE,SETTING_DESC,SETTING_CATEGORY,CREATED,CREATED_BY,UPDATED,UPDATED_BY,APEX_APP_ID) values (171121490716847601777845181644429502855,'CLIENT_ID','12gahhse1567799',null,'SERVICENOW.AUTH.OAUTH',to_date('30-JAN-19','DD-MON-RR'),'JRAULJI_DEV',to_date('05-FEB-19','DD-MON-RR'),'MPERRY',null);
Insert into CHARTER2_INV.V_APP_SETTINGS (ID,SETTING_NAME,SETTING_VALUE,SETTING_DESC,SETTING_CATEGORY,CREATED,CREATED_BY,UPDATED,UPDATED_BY,APEX_APP_ID) values (171121490716848810703664796273604209031,'SECRET_KEY','111111111',null,'SERVICENOW.AUTH.OAUTH',to_date('30-JAN-19','DD-MON-RR'),'JRAULJI_DEV',to_date('30-JAN-19','DD-MON-RR'),'JRAULJI_DEV',null);
Insert into CHARTER2_INV.V_APP_SETTINGS (ID,SETTING_NAME,SETTING_VALUE,SETTING_DESC,SETTING_CATEGORY,CREATED,CREATED_BY,UPDATED,UPDATED_BY,APEX_APP_ID) values (171121490716850019629484410902778915207,'TOKEN_URL','https://www.servicenow.com',null,'SERVICENOW.AUTH.OAUTH',to_date('30-JAN-19','DD-MON-RR'),'JRAULJI_DEV',to_date('30-JAN-19','DD-MON-RR'),'JRAULJI_DEV',null);
Insert into CHARTER2_INV.V_APP_SETTINGS (ID,SETTING_NAME,SETTING_VALUE,SETTING_DESC,SETTING_CATEGORY,CREATED,CREATED_BY,UPDATED,UPDATED_BY,APEX_APP_ID) values (171121490716851228555304025531953621383,'USERNAME','svc_dbaas',null,'SERVICENOW.AUTH.BASIC',to_date('30-JAN-19','DD-MON-RR'),'JRAULJI_DEV',to_date('07-FEB-19','DD-MON-RR'),'MPERRY',null);
Insert into CHARTER2_INV.V_APP_SETTINGS (ID,SETTING_NAME,SETTING_VALUE,SETTING_DESC,SETTING_CATEGORY,CREATED,CREATED_BY,UPDATED,UPDATED_BY,APEX_APP_ID) values (171121490716852437481123640161128327559,'PASSWORD','718648C72A55BCCAD0F4708D646F8B80',null,'SERVICENOW.AUTH.BASIC',to_date('30-JAN-19','DD-MON-RR'),'JRAULJI_DEV',to_date('08-FEB-19','DD-MON-RR'),'MPERRY',null);
Insert into CHARTER2_INV.V_APP_SETTINGS (ID,SETTING_NAME,SETTING_VALUE,SETTING_DESC,SETTING_CATEGORY,CREATED,CREATED_BY,UPDATED,UPDATED_BY,APEX_APP_ID) values (171121490716853646406943254790303033735,'USERNAME','username1',null,'JIRA.AUTH.BASIC',to_date('30-JAN-19','DD-MON-RR'),'JRAULJI_DEV',to_date('02-FEB-19','DD-MON-RR'),'JRAULJI_DEV',null);
Insert into CHARTER2_INV.V_APP_SETTINGS (ID,SETTING_NAME,SETTING_VALUE,SETTING_DESC,SETTING_CATEGORY,CREATED,CREATED_BY,UPDATED,UPDATED_BY,APEX_APP_ID) values (171121490716854855332762869419477739911,'PASSWORD','718648C72A55BCCAD0F4708D646F8B80','Password for basic auth','JIRA.AUTH.BASIC',to_date('30-JAN-19','DD-MON-RR'),'JRAULJI_DEV',to_date('08-FEB-19','DD-MON-RR'),'MPERRY',null);
Insert into CHARTER2_INV.V_APP_SETTINGS (ID,SETTING_NAME,SETTING_VALUE,SETTING_DESC,SETTING_CATEGORY,CREATED,CREATED_BY,UPDATED,UPDATED_BY,APEX_APP_ID) values (171121490716856064258582484048652446087,'TOKEN_URL','https://www.jira.com',null,'JIRA.AUTH.OAUTH',to_date('30-JAN-19','DD-MON-RR'),'JRAULJI_DEV',to_date('30-JAN-19','DD-MON-RR'),'JRAULJI_DEV',null);
Insert into CHARTER2_INV.V_APP_SETTINGS (ID,SETTING_NAME,SETTING_VALUE,SETTING_DESC,SETTING_CATEGORY,CREATED,CREATED_BY,UPDATED,UPDATED_BY,APEX_APP_ID) values (171121490716857273184402098677827152263,'CLIENT_ID','clientid','test','JIRA.AUTH.OAUTH',to_date('30-JAN-19','DD-MON-RR'),'JRAULJI_DEV',to_date('03-FEB-19','DD-MON-RR'),'JRAULJI_DEV',null);
Insert into CHARTER2_INV.V_APP_SETTINGS (ID,SETTING_NAME,SETTING_VALUE,SETTING_DESC,SETTING_CATEGORY,CREATED,CREATED_BY,UPDATED,UPDATED_BY,APEX_APP_ID) values (171121490716858482110221713307001858439,'SECRET_KEY','122222','test','JIRA.AUTH.OAUTH',to_date('30-JAN-19','DD-MON-RR'),'JRAULJI_DEV',to_date('02-FEB-19','DD-MON-RR'),'JRAULJI_DEV',null);
